"#","Game","Release date","Price","Score rank(Userscore / Metascore)","Owners","Playtime (Median)","Developer(s)","Publisher(s)"
"267","RaidersSphere4th","Dec 31, 2013","$19.99","N/A (N/A)","50,000 .. 100,000","00:00 (00:00)","Rectangle","Sekai Project"
"263","Choice of the Deathless","Dec 20, 2013","$3.99","N/A (N/A)","20,000 .. 50,000","00:00 (00:00)","Choice of Games","Choice of Games"
"362","Woodcutter Simulator 2013","Dec 19, 2013","$7.99","N/A (N/A)","50,000 .. 100,000","00:00 (00:00)","United Independent Entertainment GmbH","United Independent Entertainment GmbH"
"381","Airport Simulator 2014","Dec 19, 2013","$9.99","N/A (N/A)","50,000 .. 100,000","00:00 (00:00)","United Independent Entertainment GmbH","United Independent Entertainment GmbH"
"333","The Walking Dead: Season Two","Dec 17, 2013","N/A","N/A (N/A)","1,000,000 .. 2,000,000","00:00 (00:00)","Telltale Games","Skybound Games"
"468","Ballpoint Universe - Infinite","Dec 17, 2013","$3.99","N/A (N/A)","100,000 .. 200,000","00:00 (00:00)","Arachnid Games","Arachnid Games"
"235","Dementium II HD","Dec 17, 2013","$1.99","N/A (N/A/37%)","50,000 .. 100,000","00:00 (00:00)","Memetic Games","Missing Link Games"
"533","Just Cause 2: Multiplayer Mod","Dec 16, 2013","Free","N/A (N/A)","1,000,000 .. 2,000,000","00:00 (00:00)","Avalanche Studios","Square Enix"
"275","Blockland","Dec 16, 2013","$9.99","N/A (N/A)","200,000 .. 500,000","00:00 (00:00)","Eric Hartman, Ben Garney, Anthony Rotondo","Step 1 Games LLC"
"347","RaySupreme 3D","Dec 16, 2013","Free","N/A (N/A)","0 .. 20,000","00:00 (00:00)","BrainDistrict","BrainDistrict"
"274","7 Days to Die","Dec 13, 2013","$24.99","N/A (N/A)","2,000,000 .. 5,000,000","13:52 (10:43)","The Fun Pimps","The Fun Pimps Entertainment LLC"
"406","Viscera Cleanup Detail: Santa's Rampage","Dec 13, 2013","$2.49","N/A (N/A)","500,000 .. 1,000,000","00:00 (00:00)","RuneStorm","RuneStorm"
"81","Teslagrad","Dec 13, 2013","$9.99","N/A (N/A/77%)","200,000 .. 500,000","00:00 (00:00)","Rain Games","Rain Games"
"198","Violett Remastered","Dec 13, 2013","$9.99","N/A (N/A/61%)","200,000 .. 500,000","00:00 (00:00)","Forever Entertainment S. A.","Forever Entertainment S. A."
"435","RPG Maker XP","Dec 13, 2013","$24.99","N/A (N/A)","100,000 .. 200,000","00:00 (00:00)","KADOKAWA","Degica"
"155","Marc Eckō's Getting Up: Contents Under Pressure","Dec 13, 2013","$14.99","N/A (N/A/69%)","50,000 .. 100,000","00:00 (00:00)","The Collective, General Arcade","Devolver Digital"
"29","Stick it to The Man!","Dec 13, 2013","$7.99","N/A (N/A/83%)","20,000 .. 50,000","00:00 (00:00)","Zoink Games","Ripstone"
"536","Tales of Maj'Eyal","Dec 12, 2013","$6.99","N/A (N/A)","200,000 .. 500,000","04:19 (02:52)","Netcore Games","Netcore Games"
"58","FATE","Dec 12, 2013","$7.99","N/A (N/A/80%)","100,000 .. 200,000","00:00 (00:00)","WildTangent","WildTangent"
"280","Not The Robots","Dec 12, 2013","$9.99","N/A (N/A)","100,000 .. 200,000","00:00 (00:00)","2DArray","tinyBuild"
"488","VelocityUltra","Dec 12, 2013","$9.99","N/A (N/A)","20,000 .. 50,000","00:00 (00:00)","Curve Digital, FuturLab","Curve Digital"
"532","Spaceforce Constellations","Dec 12, 2013","$9.99","N/A (N/A)","0 .. 20,000","00:00 (00:00)","Dreamatrix","Dreamatrix"
"302","OMSI 2: Steam Edition","Dec 11, 2013","$29.99","N/A (N/A)","200,000 .. 500,000","05:19 (03:32)","MR-Software GbR","Aerosoft GmbH"
"467","Small World 2","Dec 11, 2013","$9.99","N/A (N/A)","100,000 .. 200,000","00:00 (00:00)","Days of Wonder","Days of Wonder, Asmodee Digital"
"190","Tiny Brains","Dec 11, 2013","$9.99","N/A (N/A/63%)","50,000 .. 100,000","00:00 (00:00)","Spearhead Games","Spearhead Games"
"259","King’s Bounty: Legions","Dec 10, 2013","Free","N/A (N/A)","200,000 .. 500,000","00:00 (00:00)","Nival","Nival"
"175","The Novelist","Dec 10, 2013","$4.99","N/A (N/A/66%)","100,000 .. 200,000","00:00 (00:00)","Orthogonal Games","Maxistentialism"
"77","Samurai Gunn","Dec 10, 2013","$5.09","N/A (N/A/78%)","20,000 .. 50,000","00:00 (00:00)","Teknopants","Maxistentialism"
"66","Race The Sun","Dec 9, 2013","$9.99","N/A (N/A/79%)","500,000 .. 1,000,000","00:00 (00:00)","Flippfly LLC","Flippfly LLC"
"326","Ohm Studio","Dec 9, 2013","Free","N/A (N/A)","100,000 .. 200,000","00:00 (00:00)","GRAOUMF","Ohm Force"
"312","Zombie Tycoon 2: Brainhov's Revenge","Dec 9, 2013","$4.99","N/A (N/A)","50,000 .. 100,000","00:00 (00:00)","Frima Studio","Frima Studio"
"226","Gomo","Dec 6, 2013","$0.49","N/A (N/A/50%)","100,000 .. 200,000","00:00 (00:00)","Fishcow Studio","Daedalic Entertainment"
"324","Ravensword: Shadowlands","Dec 6, 2013","$6.99","N/A (N/A)","100,000 .. 200,000","00:00 (00:00)","Crescent Moon Games","Crescent Moon Games"
"391","Shufflepuck Cantina Deluxe","Dec 6, 2013","$9.99","N/A (N/A)","100,000 .. 200,000","00:00 (00:00)","Agharta Studio","Agharta Studio"
"389","Nimble Quest","Dec 6, 2013","$4.99","N/A (N/A)","50,000 .. 100,000","00:00 (00:00)","","Agharta Studio"
"321","MURI","Dec 6, 2013","$4.99","N/A (N/A)","20,000 .. 50,000","00:00 (00:00)","Ludosity, Remar Games","Ludosity"
"348","Reckless Space Pirates","Dec 6, 2013","$3.99","N/A (N/A)","0 .. 20,000","00:00 (00:00)","Choice of Games","Choice of Games"
"113","Neverwinter","Dec 5, 2013","Free","N/A (N/A/74%)","5,000,000 .. 10,000,000","00:25 (00:08)","Cryptic Studios","Perfect World Entertainment"
"91","SteamWorld Dig","Dec 5, 2013","$9.99","N/A (N/A/76%)","500,000 .. 1,000,000","00:00 (00:00)","Image & Form Games","Image & Form Games"
"238","FINAL FANTASY VIII","Dec 5, 2013","$11.99","N/A (N/A)","500,000 .. 1,000,000","00:00 (00:00)","Square Enix","Square Enix"
"276","MARVEL Puzzle Quest","Dec 5, 2013","Free","N/A (N/A)","200,000 .. 500,000","00:00 (00:00)","Demiurge Studios","D3 Go!"
"221","Speedball 2 HD","Dec 5, 2013","$9.99","N/A (N/A/53%)","100,000 .. 200,000","00:00 (00:00)","Bitmap Brothers, Vivid Games","Tower Studios Ltd"
"539","Clickteam Fusion 2.5","Dec 5, 2013","$99.99","N/A (N/A)","100,000 .. 200,000","00:00 (00:00)","Clickteam","Clickteam"
"176","Oozi: Earth Adventure","Dec 5, 2013","$4.99","N/A (N/A/66%)","50,000 .. 100,000","00:00 (00:00)","Awesome Games Studio","Awesome Games Studio"
"537","Dominions 4: Thrones of Ascension","Dec 5, 2013","$34.99","N/A (N/A)","50,000 .. 100,000","00:00 (00:00)","Illwinter Game Design","Illwinter Game Design"
"527","Wooden Sen'SeY","Dec 5, 2013","$9.99","N/A (N/A)","20,000 .. 50,000","00:00 (00:00)","Upper Byte","Spawn Digital"
"531","Train Simulator: East Coast Main Line London-Peterborough Route Add-On","Dec 5, 2013","$19.99","N/A (N/A)","0 .. 20,000","00:00 (00:00)","Dovetail Games","Dovetail Games - Trains"
"415","Savant - Ascent","Dec 4, 2013","$1.99","N/A (N/A)","200,000 .. 500,000","00:00 (00:00)","D-Pad Studio","Studio V5"
"477","Broken Sword 5 - the Serpent's Curse","Dec 4, 2013","$24.99","N/A (N/A)","200,000 .. 500,000","00:00 (00:00)","Revolution Software Ltd","Revolution Software Ltd"
"43","The Cat Lady","Dec 4, 2013","$9.99","N/A (N/A/81%)","100,000 .. 200,000","00:00 (00:00)","Harvester Games","Screen 7"
"218","Darkout","Dec 4, 2013","$9.99","N/A (N/A/55%)","100,000 .. 200,000","00:00 (00:00)","Allgraf","KISS ltd"
"329","LogoMaker 4","Dec 4, 2013","$29.99","N/A (N/A)","20,000 .. 50,000","00:00 (00:00)","Studio V5","Studio V5"
"258","Draw a Stickman: EPIC","Dec 3, 2013","$3.99","N/A (N/A)","200,000 .. 500,000","00:00 (00:00)","Hitcents","Hitcents"
"241","Finding Teddy","Dec 3, 2013","$6.99","N/A (N/A)","100,000 .. 200,000","00:00 (00:00)","Storybird","LookAtMyGame, Plug In Digital"
"215","Two Brothers","Dec 3, 2013","N/A","N/A (N/A/57%)","50,000 .. 100,000","00:00 (00:00)","Ackk Studios","Ackk Studios"
"505","Postmortem: One Must Die (Extended Cut)","Dec 3, 2013","$2.99","N/A (N/A)","50,000 .. 100,000","00:00 (00:00)","Unbound Creations","Unbound Creations"
"247","Tiny Barbarian DX","Dec 3, 2013","$29.99","N/A (N/A)","20,000 .. 50,000","00:00 (00:00)","StarQuail Games","Nicalis, Inc."
"390","Vector","Dec 3, 2013","$6.99","N/A (N/A)","20,000 .. 50,000","00:00 (00:00)","","Nekki GmbH"
"299","MovieWriterPro","Dec 3, 2013","$29.99","N/A (N/A)","0 .. 20,000","00:00 (00:00)","The Writer Zone","The Writer Zone"
"254","The ORPHEUS Ruse","Dec 1, 2013","$3.99","N/A (N/A)","0 .. 20,000","00:00 (00:00)","Choice of Games","Choice of Games"
"339","Gravity Badgers","Nov 28, 2013","$4.99","N/A (N/A)","50,000 .. 100,000","00:00 (00:00)","Wales Interactive","Wales Interactive"
"392","Professional Farmer 2014","Nov 27, 2013","$14.99","N/A (N/A)","100,000 .. 200,000","00:00 (00:00)","PlayWay S.A.","United Independent Entertainment GmbH"
"265","Elder Sign: Omens","Nov 27, 2013","$5.99","N/A (N/A)","20,000 .. 50,000","00:00 (00:00)","Fantasy Flight Publishing, Inc.","Fantasy Flight Publishing, Inc."
"508","Ossuary","Nov 27, 2013","$9.99","N/A (N/A)","0 .. 20,000","00:00 (00:00)","Gregory Avery-Weir, Melissa Avery-Weir","Future Proof Games"
"272","Mosaico","Nov 26, 2013","$19.99","N/A (N/A)","0 .. 20,000","00:00 (00:00)","Soulid Studio","Soulid Studio"
"507","Songs2See","Nov 26, 2013","$14.99","N/A (N/A)","0 .. 20,000","00:00 (00:00)","Songquito UG","Songquito UG"
"544","Dark Angels: Masquerade of Shadows","Nov 26, 2013","$3.99","N/A (N/A)","0 .. 20,000","00:00 (00:00)","Skywind Games","Alawar Premium"
"335","Panzar","Nov 25, 2013","Free","N/A (N/A)","1,000,000 .. 2,000,000","00:00 (00:00)","Panzar Studio","OVALIS INVESTMENTS LIMITED"
"473","Zombie Apocalypse: Escape The Undead City","Nov 25, 2013","$2.99","N/A (N/A)","0 .. 20,000","00:00 (00:00)","Anarchy Enterprises","Anarchy Enterprises"
"484","Bus-Simulator 2012","Nov 22, 2013","$9.99","N/A (N/A)","50,000 .. 100,000","00:00 (00:00)","TML-Studios","astragon Entertainment"
"296","Tank Operations: European Campaign","Nov 22, 2013","N/A","N/A (N/A)","20,000 .. 50,000","00:00 (00:00)","Linked Dimensions",""
"526","Dead Sky","Nov 22, 2013","$1.99","N/A (N/A)","20,000 .. 50,000","00:00 (00:00)","","astragon Entertainment"
"501","Mutant Mudds Deluxe","Nov 21, 2013","$9.99","N/A (N/A)","100,000 .. 200,000","00:00 (00:00)","Renegade Kid","Good Shepherd Entertainment"
"36","The Last Express Gold Edition","Nov 21, 2013","$6.99","N/A (N/A/82%)","50,000 .. 100,000","00:00 (00:00)","Dotemu","Dotemu"
"519","The Shivah","Nov 21, 2013","$4.99","N/A (N/A)","50,000 .. 100,000","00:00 (00:00)","","Wadjet Eye Games"
"385","The Mysterious Cities of Gold","Nov 21, 2013","$11.99","N/A (N/A)","20,000 .. 50,000","00:00 (00:00)","Neko Entertainment","Neko Entertainment"
"388","9.03m","Nov 20, 2013","Free","N/A (N/A)","20,000 .. 50,000","00:00 (00:00)","Space Budgie","Space Budgie"
"350","Assassin’s Creed IV Black Flag","Nov 19, 2013","$19.99","N/A (N/A)","1,000,000 .. 2,000,000","137:48 (91:51)","Ubisoft Montreal","Ubisoft"
"104","Ring Runner: Flight of the Sages","Nov 19, 2013","$4.99","N/A (N/A/75%)","100,000 .. 200,000","00:00 (00:00)","Triple.B.Titles","Triple.B.Titles"
"486","Axis Game Factory's AGFPRO v3","Nov 19, 2013","$9.99","N/A (N/A)","100,000 .. 200,000","00:00 (00:00)","Axis Game Factory LLC","Axis Game Factory LLC"
"499","Eryi's Action","Nov 19, 2013","$4.99","N/A (N/A)","50,000 .. 100,000","00:00 (00:00)","Xtal Sword","Xtal Sword"
"234","Montague's Mount","Nov 19, 2013","$4.99","N/A (N/A/39%)","20,000 .. 50,000","00:00 (00:00)","PolyPusher Studios","PolyPusher Studios"
"452","Gimbal","Nov 19, 2013","$9.99","N/A (N/A)","20,000 .. 50,000","00:00 (00:00)","8888888 LABS","8888888 LABS"
"445","Bloody Trapland","Nov 18, 2013","$1.49","N/A (N/A)","500,000 .. 1,000,000","00:00 (00:00)","2Play","2Play"
"261","Kingdoms Rise","Nov 18, 2013","$14.99","N/A (N/A)","50,000 .. 100,000","00:00 (00:00)","Flyleap Studios Pty. Ltd.","Flyleap Studios Pty. Ltd."
"545","Bridge It +","Nov 18, 2013","$6.99","N/A (N/A)","20,000 .. 50,000","00:00 (00:00)","Chronic Logic","Libredia Entertainment"
"201","Signal Ops","Nov 18, 2013","$9.99","N/A (N/A/61%)","0 .. 20,000","00:00 (00:00)","Space Bullet Dynamics Corporation","Space Bullet Dynamics Corporation"
"273","World Basketball Tycoon","Nov 18, 2013","$0.5","N/A (N/A)","0 .. 20,000","00:00 (00:00)","","Strategy First"
"75","Baldur's Gate II: Enhanced Edition","Nov 15, 2013","$19.99","N/A (N/A/78%)","500,000 .. 1,000,000","00:00 (00:00)","Beamdog","Beamdog"
"194","Contrast","Nov 15, 2013","$9.99","N/A (N/A/62%)","200,000 .. 500,000","00:00 (00:00)","Compulsion Games","Focus Home Interactive"
"236","X Rebirth","Nov 15, 2013","$29.99","N/A (N/A/33%)","200,000 .. 500,000","00:00 (00:00)","Egosoft","Egosoft"
"395","Earth 2140","Nov 15, 2013","$4.99","N/A (N/A)","200,000 .. 500,000","03:46 (01:32)","Reality Pump Studios","Topware Interactive ACE, ACE"
"222","Deadfall Adventures","Nov 15, 2013","$19.99","N/A (N/A/53%)","100,000 .. 200,000","00:00 (00:00)","The Farm 51","THQ Nordic"
"250","Wildlife Park 2 - Fantasy","Nov 15, 2013","$0.69","N/A (N/A)","50,000 .. 100,000","00:00 (00:00)","b-alive gmbh","b-alive gmbh"
"342","Elementary My Dear Majesty!","Nov 15, 2013","$0.99","N/A (N/A)","50,000 .. 100,000","00:00 (00:00)","Alawar Dreamdale","Alawar Premium"
"470","Emergency 2014","Nov 15, 2013","$9.99","N/A (N/A)","50,000 .. 100,000","00:00 (00:00)","Sixteen Tons Entertainment","Sixteen Tons Entertainment"
"315","Train Simulator: West Somerset Railway Route Add-On","Nov 14, 2013","$19.99","N/A (N/A)","0 .. 20,000","00:00 (00:00)","Dovetail Games","Dovetail Games - Trains"
"264","Wasteland 1 - The Original Classic","Nov 13, 2013","$5.99","N/A (N/A)","500,000 .. 1,000,000","00:00 (00:00)","inXile Entertainment","inXile Entertainment"
"449","Blood Knights","Nov 13, 2013","$9.99","N/A (N/A)","50,000 .. 100,000","00:00 (00:00)","Deck 13","Kalypso Media Digital"
"192","Redshirt","Nov 13, 2013","$9.99","N/A (N/A/62%)","20,000 .. 50,000","00:00 (00:00)","The Tiniest Shark","Positech"
"62","Injustice: Gods Among Us Ultimate Edition","Nov 12, 2013","$19.99","N/A (N/A/79%)","1,000,000 .. 2,000,000","00:00 (00:00)","NetherRealm Studios, High Voltage Software","Warner Bros. Interactive Entertainment"
"503","99 Spirits","Nov 12, 2013","$9.99","N/A (N/A)","50,000 .. 100,000","00:00 (00:00)","TORaIKI","Fruitbat Factory"
"293","Vox","Nov 12, 2013","$9.99","N/A (N/A)","20,000 .. 50,000","00:00 (00:00)","",""
"529","Aartform Curvy 3D 3.0","Nov 12, 2013","$99.99","N/A (N/A)","0 .. 20,000","00:00 (00:00)","Aartform","Aartform"
"122","PixelJunk Shooter","Nov 11, 2013","$8.99","N/A (N/A/73%)","100,000 .. 200,000","00:00 (00:00)","Double Eleven, Q-Games Ltd.","Double Eleven"
"159","Rain Blood Chronicles: Mirage","Nov 11, 2013","$4.99","N/A (N/A/68%)","0 .. 20,000","00:00 (00:00)","","Origo Games"
"332","Hacking locks Simulator","Nov 11, 2013","$1.99","N/A (N/A)","0 .. 20,000","00:00 (00:00)","SHOWHIM.NET Developers","SHOWHIM.NET"
"495","Dream Chamber","Nov 10, 2013","$9.99","N/A (N/A)","20,000 .. 50,000","00:00 (00:00)","Forge Reply","Microids Indie"
"85","Risk of Rain","Nov 8, 2013","$9.99","N/A (N/A/77%)","1,000,000 .. 2,000,000","00:07 (00:02)","Hopoo Games","Chucklefish"
"405","Project Zomboid","Nov 8, 2013","$14.99","N/A (N/A)","1,000,000 .. 2,000,000","02:10 (01:12)","The Indie Stone","The Indie Stone"
"169","Long Live The Queen","Nov 8, 2013","$9.99","N/A (N/A/67%)","200,000 .. 500,000","00:01 (00:00)","Hanako Games","Hanako Games"
"469","Poöf","Nov 8, 2013","$6.99","N/A (N/A)","20,000 .. 50,000","00:00 (00:00)","Arkedo","Neko Entertainment"
"497","Garfield Kart","Nov 7, 2013","$4.99","N/A (N/A)","200,000 .. 500,000","00:00 (00:00)","Artefacts Studios","Microids"
"40","Desktop Dungeons","Nov 7, 2013","$14.99","N/A (N/A/82%)","100,000 .. 200,000","00:00 (00:00)","QCF Design","QCF Design"
"168","A Walk in the Dark","Nov 7, 2013","$6.99","N/A (N/A/67%)","20,000 .. 50,000","00:00 (00:00)","",""
"380","Reach for the Sun","Nov 7, 2013","$4.99","N/A (N/A)","20,000 .. 50,000","00:00 (00:00)","Filament Games",""
"356","Anomaly Korea","Nov 6, 2013","$4.99","N/A (N/A)","200,000 .. 500,000","00:00 (00:00)","11 bit studios","11 bit studios"
"374","Type:Rider","Nov 6, 2013","$4.99","N/A (N/A)","100,000 .. 200,000","00:00 (00:00)","Ex Nihilo","Plug In Digital"
"485","Anomaly Warzone Earth Mobile Campaign","Nov 6, 2013","$4.99","N/A (N/A)","100,000 .. 200,000","00:00 (00:00)","11 bit studios","11 bit studios"
"41","King Arthur's Gold","Nov 5, 2013","Free","N/A (N/A/81%)","500,000 .. 1,000,000","01:42 (00:34)","Transhuman Design","Transhuman Design"
"61","State of Decay","Nov 5, 2013","N/A","N/A (N/A/79%)","500,000 .. 1,000,000","00:00 (00:00)","Undead Labs","Xbox Game Studios"
"424","Sid Meier’s Ace Patrol: Pacific Skies","Nov 5, 2013","$4.99","N/A (N/A)","500,000 .. 1,000,000","00:00 (00:00)","Firaxis Games","2K"
"180","Final Exam","Nov 5, 2013","$9.99","N/A (N/A/66%)","100,000 .. 200,000","00:00 (00:00)","Mighty Rocket Studio","Focus Home Interactive"
"253","YOU DON'T KNOW JACK SPORTS","Nov 5, 2013","$2.99","N/A (N/A)","50,000 .. 100,000","00:00 (00:00)","Jackbox Games, Inc.","Jackbox Games, Inc."
"330","YOU DON'T KNOW JACK Vol. 3","Nov 5, 2013","$2.99","N/A (N/A)","50,000 .. 100,000","00:00 (00:00)","Jackbox Games, Inc.","Jackbox Games, Inc."
"331","YOU DON'T KNOW JACK TELEVISION","Nov 5, 2013","$2.99","N/A (N/A)","50,000 .. 100,000","00:00 (00:00)","Jackbox Games, Inc.","Jackbox Games, Inc."
"397","YOU DON'T KNOW JACK Vol. 1 XL","Nov 5, 2013","$2.99","N/A (N/A)","50,000 .. 100,000","00:00 (00:00)","Jackbox Games, Inc.","Jackbox Games, Inc."
"457","YOU DON'T KNOW JACK MOVIES","Nov 5, 2013","$2.99","N/A (N/A)","50,000 .. 100,000","00:00 (00:00)","Jackbox Games, Inc.","Jackbox Games, Inc."
"506","YOU DON'T KNOW JACK Vol. 4 The Ride","Nov 5, 2013","$2.99","N/A (N/A)","50,000 .. 100,000","00:00 (00:00)","Jackbox Games, Inc.","Jackbox Games, Inc."
"338","Intake","Nov 5, 2013","$9.99","N/A (N/A)","20,000 .. 50,000","00:00 (00:00)","Cipher Prime Studios","Cipher Prime Studios"
"367","YOU DON'T KNOW JACK Vol. 2","Nov 5, 2013","$2.99","N/A (N/A)","20,000 .. 50,000","00:00 (00:00)","Jackbox Games, Inc.","Jackbox Games, Inc."
"442","YOU DON'T KNOW JACK Vol. 6 The Lost Gold","Nov 5, 2013","$1.99","N/A (N/A)","20,000 .. 50,000","00:00 (00:00)","Jackbox Games, Inc.","Jackbox Games, Inc."
"494","YOU DON'T KNOW JACK HEADRUSH","Nov 5, 2013","$2.99","N/A (N/A)","20,000 .. 50,000","00:00 (00:00)","Jackbox Games, Inc.","Jackbox Games, Inc."
"547","Gentlemen!","Nov 5, 2013","$4.99","N/A (N/A)","20,000 .. 50,000","00:00 (00:00)","Lucky Frame","Blazing Griffin"
"373","Pinball Arcade","Nov 4, 2013","Free","N/A (N/A)","500,000 .. 1,000,000","00:00 (00:00)","FarSight Studios","FarSight Studios"
"185","Journey of a Roach","Nov 4, 2013","$6.99","N/A (N/A/65%)","200,000 .. 500,000","00:00 (00:00)","Koboldgames, Daedalic Entertainment","Daedalic Entertainment"
"98","Fester Mudd: Curse of the Gold - Episode 1","Nov 4, 2013","$9.99","N/A (N/A/76%)","20,000 .. 50,000","00:00 (00:00)","",""
"140","Battle Worlds: Kronos","Nov 4, 2013","$19.99","N/A (N/A/71%)","20,000 .. 50,000","00:00 (00:00)","KING Art","KING Art, THQ Nordic"
"295","Ride 'em Low","Nov 4, 2013","$2.99","N/A (N/A)","20,000 .. 50,000","00:00 (00:00)","Red Dot Games, PLAY","Libredia"
"369","Call of Duty: Ghosts - Digital Hardened Edition","Nov 4, 2013","$99.99","N/A (N/A)","0 .. 20,000","00:00 (00:00)","Infinity Ward","Activision"
"72","Earth 2150 Trilogy","Nov 1, 2013","$6.99","N/A (N/A/78%)","200,000 .. 500,000","02:54 (00:58)","Reality Pump Studios","Topware Interactive, ACE"
"325","Heli Heroes","Nov 1, 2013","$4.99","N/A (N/A)","200,000 .. 500,000","03:02 (01:00)","Reality Pump","Topware Interactive"
"139","Lilly Looking Through","Nov 1, 2013","$9.99","N/A (N/A/71%)","100,000 .. 200,000","00:00 (00:00)","Geeta Games",""
"298","Robo Miner","Nov 1, 2013","$2.99","N/A (N/A)","0 .. 20,000","00:00 (00:00)","reiti.net","reiti.net"
"513","No More Room in Hell","Oct 31, 2013","Free","N/A (N/A)","5,000,000 .. 10,000,000","16:23 (21:36)","No More Room in Hell Team","Lever Games"
"69","Ragnarok Online","Oct 31, 2013","Free","N/A (N/A/79%)","500,000 .. 1,000,000","00:00 (00:00)","Gravity Interactive","Gravity Interactive"
"220","Sniper Elite: Nazi Zombie Army 2","Oct 31, 2013","$14.99","N/A (N/A/53%)","200,000 .. 500,000","00:00 (00:00)","","Rebellion"
"27","Valdis Story: Abyssal City","Oct 30, 2013","$14.99","N/A (N/A/83%)","200,000 .. 500,000","00:00 (00:00)","Endlessfluff Games","Endlessfluff Games"
"34","Avadon 2: The Corruption","Oct 30, 2013","$9.99","N/A (N/A/82%)","50,000 .. 100,000","00:00 (00:00)","Spiderweb Software","Spiderweb Software"
"209","Deadly Premonition: The Director's Cut","Oct 29, 2013","$24.99","N/A (N/A/59%)","200,000 .. 500,000","00:00 (00:00)","Rising Star Games","Rising Star Games"
"464","The Typing of The Dead: Overkill","Oct 29, 2013","$19.99","N/A (N/A)","200,000 .. 500,000","00:06 (00:03)","Modern Dream","SEGA"
"205","Master Reboot","Oct 29, 2013","$14.99","N/A (N/A/59%)","50,000 .. 100,000","00:00 (00:00)","Wales Interactive","Wales Interactive"
"219","Alone in the Dark","Oct 29, 2013","$9.99","N/A (N/A/55%)","50,000 .. 100,000","00:00 (00:00)","Eden Games, Hydravision Entertainment","THQ Nordic"
"178","Alone in the Dark: The New Nightmare","Oct 29, 2013","$6.99","N/A (N/A/66%)","20,000 .. 50,000","00:00 (00:00)","Darkworks, Spiral House","THQ Nordic"
"489","Dracula: Love Kills","Oct 29, 2013","$9.99","N/A (N/A)","20,000 .. 50,000","00:00 (00:00)","Waterlily Games","Frogwares"
"524","PAC-MAN and the Ghostly Adventures","Oct 29, 2013","$19.99","N/A (N/A)","0 .. 20,000","00:00 (00:00)","NAMCO BANDAI Games","BANDAI NAMCO Entertainment"
"184","Slender: The Arrival","Oct 28, 2013","$9.99","N/A (N/A/65%)","200,000 .. 500,000","00:00 (00:00)","Blue Isle Studios","Blue Isle Publishing"
"2","Deus Ex: Human Revolution - Director's Cut","Oct 25, 2013","$19.99","N/A (N/A/91%)","1,000,000 .. 2,000,000","00:00 (00:00)","Eidos Montreal","Square Enix"
"193","Contagion","Oct 25, 2013","$9.99","N/A (N/A/62%)","1,000,000 .. 2,000,000","00:00 (00:00)","Monochrome, Inc","Monochrome, Inc"
"99","Nihilumbra","Oct 25, 2013","$2.39","N/A (N/A/75%)","200,000 .. 500,000","00:00 (00:00)","BeautiFun Games","BeautiFun Games"
"279","Edna & Harvey: The Breakout","Oct 25, 2013","$14.99","N/A (N/A)","200,000 .. 500,000","00:00 (00:00)","Daedalic Entertainment","Daedalic Entertainment"
"481","WRC 4 FIA World Rally Championship","Oct 25, 2013","$29.99","N/A (N/A)","50,000 .. 100,000","00:00 (00:00)","Milestone S.r.l.","Plug In Digital, Bigben Interactive"
"520","Knytt Underground","Oct 25, 2013","$6.99","N/A (N/A)","50,000 .. 100,000","00:00 (00:00)","Nifflas' Games","Ripstone"
"461","Professor Teaches Windows 8.1","Oct 25, 2013","$9.99","N/A (N/A)","0 .. 20,000","00:00 (00:00)","Individual Software","Individual Software"
"25","RIFT","Oct 24, 2013","Free","N/A (N/A/84%)","2,000,000 .. 5,000,000","00:00 (00:00)","Trion Worlds","Trion Worlds"
"115","Batman: Arkham Origins","Oct 24, 2013","$19.99","N/A (N/A/74%)","2,000,000 .. 5,000,000","00:00 (00:00)","WB Games Montreal, Splash Damage","Warner Bros. Interactive Entertainment"
"55","NARUTO SHIPPUDEN: Ultimate Ninja STORM 3 Full Burst HD","Oct 24, 2013","$19.99","N/A (N/A/80%)","500,000 .. 1,000,000","00:00 (00:00)","CyberConnect2 Co. Ltd.","BANDAI NAMCO Entertainment"
"304","FORCED: Slightly Better Edition","Oct 24, 2013","$2.99","N/A (N/A)","500,000 .. 1,000,000","00:00 (00:00)","BetaDwarf","BetaDwarf"
"148","ENSLAVED: Odyssey to the West Premium Edition","Oct 24, 2013","$19.99","N/A (N/A/70%)","200,000 .. 500,000","00:00 (00:00)","Ninja Theory","BANDAI NAMCO Entertainment"
"447","Sparkle 2 Evo","Oct 24, 2013","$4.99","N/A (N/A)","200,000 .. 500,000","00:00 (00:00)","","Forever Entertainment S. A."
"97","Syder Arcade","Oct 24, 2013","$9.99","N/A (N/A/76%)","100,000 .. 200,000","00:00 (00:00)","Studio Evil","Studio Evil"
"246","Solar Flux","Oct 24, 2013","$9.99","N/A (N/A)","100,000 .. 200,000","00:00 (00:00)","Firebrand Games","Firebrand Games"
"419","Demonicon","Oct 24, 2013","$9.99","N/A (N/A)","100,000 .. 200,000","00:00 (00:00)","Noumena Studios","Kalypso Media Digital"
"188","Defense Technica","Oct 24, 2013","$14.99","N/A (N/A/63%)","20,000 .. 50,000","00:00 (00:00)","Kuno Interactive","Kuno Interactive"
"344","Dragon's Lair 2: Time Warp","Oct 24, 2013","$9.99","N/A (N/A)","0 .. 20,000","00:00 (00:00)","Digital Leisure Inc.","Digital Leisure Inc."
"16","Path of Exile","Oct 23, 2013","Free","N/A (N/A/86%)","20,000,000 .. 50,000,000","03:39 (05:13)","Grinding Gear Games","Grinding Gear Games"
"76","LEGO Marvel Super Heroes","Oct 22, 2013","$4.99","N/A (N/A/78%)","1,000,000 .. 2,000,000","00:00 (00:00)","Traveller's Tales","Warner Bros. Interactive Entertainment"
"132","Tetrobot and Co.","Oct 22, 2013","$9.99","N/A (N/A/72%)","50,000 .. 100,000","00:00 (00:00)","Swing Swing Submarine","Swing Swing Submarine"
"387","Nancy Drew: The Silent Spy","Oct 22, 2013","$19.99","N/A (N/A)","0 .. 20,000","00:00 (00:00)","HeR Interactive","HeR Interactive"
"47","Stronghold HD","Oct 21, 2013","$5.99","N/A (N/A/81%)","1,000,000 .. 2,000,000","00:00 (00:00)","FireFly Studios","FireFly Studios"
"70","Stronghold Crusader HD","Oct 21, 2013","$9.99","N/A (N/A/78%)","1,000,000 .. 2,000,000","00:23 (00:07)","FireFly Studios","FireFly Studios"
"78","Eldritch Reanimated","Oct 21, 2013","$14.99","N/A (N/A/77%)","200,000 .. 500,000","00:00 (00:00)","Minor Key Games","Minor Key Games"
"491","Skyscraper Simulator","Oct 21, 2013","$2.99","N/A (N/A)","50,000 .. 100,000","00:00 (00:00)","Actalogic","Libredia"
"252","PCMark 8","Oct 21, 2013","$24.99","N/A (N/A)","20,000 .. 50,000","00:00 (00:00)","UL","UL"
"516","Pool Nation","Oct 18, 2013","$6.99","N/A (N/A)","200,000 .. 500,000","00:00 (00:00)","Cherry Pop Games","Cherry Pop Games"
"471","The 11th Hour","Oct 18, 2013","$5.99","N/A (N/A)","100,000 .. 200,000","00:00 (00:00)","Trilobyte Games","Nightdive Studios"
"502","The 7th Guest","Oct 18, 2013","N/A","N/A (N/A)","100,000 .. 200,000","00:00 (00:00)","Trilobyte Games","Nightdive Studios"
"482","Shadow Man","Oct 18, 2013","$4.99","N/A (N/A)","50,000 .. 100,000","00:00 (00:00)","Acclaim Studios Teeside","Nightdive Studios"
"268","Secret Files: Sam Peters","Oct 18, 2013","$9.99","N/A (N/A)","20,000 .. 50,000","00:00 (00:00)","Animation Arts","Deep Silver"
"396","Truck Racer","Oct 18, 2013","$9.99","N/A (N/A)","20,000 .. 50,000","00:00 (00:00)","Kylotonn Entertainment","Plug In Digital, Bigben Interactive"
"8","The Stanley Parable","Oct 17, 2013","$14.99","N/A (N/A/88%)","2,000,000 .. 5,000,000","00:09 (00:05)","Galactic Cafe","Galactic Cafe"
"48","Goodbye Deponia","Oct 17, 2013","$19.99","N/A (N/A/80%)","200,000 .. 500,000","00:00 (00:00)","Daedalic Entertainment","Daedalic Entertainment"
"88","Anachronox","Oct 17, 2013","$0.97","N/A (N/A/77%)","200,000 .. 500,000","00:00 (00:00)","","Square Enix"
"161","Space Rangers HD: A War Apart","Oct 17, 2013","$14.99","N/A (N/A/68%)","200,000 .. 500,000","00:00 (00:00)","SNK Games, Elemental Games, Katauri Interactive","1C Entertainment"
"427","Dark Matter","Oct 17, 2013","$1.99","N/A (N/A)","200,000 .. 500,000","00:00 (00:00)","InterWave Studios","Iceberg Interactive"
"240","I Have No Mouth, and I Must Scream","Oct 17, 2013","$5.99","N/A (N/A)","100,000 .. 200,000","00:00 (00:00)","Cyberdreams","Nightdive Studios"
"277","Super Amazing Wagon Adventure","Oct 17, 2013","$2.99","N/A (N/A)","100,000 .. 200,000","00:00 (00:00)","sparsevector","sparsevector"
"208","Face Noir","Oct 17, 2013","$9.99","N/A (N/A/59%)","50,000 .. 100,000","00:00 (00:00)","Mad Orange","Phoenix Online Publishing"
"249","Nicole","Oct 17, 2013","$18.99","N/A (N/A)","0 .. 20,000","00:00 (00:00)","Winter Wolves","Winter Wolves"
"300","Train Simulator: Pacific Surfliner LA - San Diego Route","Oct 17, 2013","$19.99","N/A (N/A)","0 .. 20,000","00:00 (00:00)","Dovetail Games","Dovetail Games - Trains"
"59","140","Oct 16, 2013","$4.99","N/A (N/A/80%)","200,000 .. 500,000","00:00 (00:00)","Carlsen Games","Carlsen Games"
"417","Bridge Constructor","Oct 16, 2013","$9.99","N/A (N/A)","200,000 .. 500,000","00:00 (00:00)","ClockStone","Headup"
"453","Bad Hotel","Oct 16, 2013","$4.99","N/A (N/A)","50,000 .. 100,000","00:00 (00:00)","Lucky Frame","Lucky Frame"
"341","Eleusis","Oct 16, 2013","$14.99","N/A (N/A)","20,000 .. 50,000","00:00 (00:00)","Nocturnal works","Nocturnal works"
"154","Megabyte Punch","Oct 15, 2013","$4.49","N/A (N/A/69%)","200,000 .. 500,000","00:00 (00:00)","Team Reptile","Team Reptile"
"383","Urban Chaos","Oct 15, 2013","N/A","N/A (N/A)","20,000 .. 50,000","00:00 (00:00)","","Square Enix, Eidos Interactive"
"147","Democracy 3","Oct 14, 2013","$24.99","N/A (N/A/70%)","500,000 .. 1,000,000","00:00 (00:00)","Positech Games","Positech Games"
"433","Knights and Merchants","Oct 14, 2013","$6.99","N/A (N/A)","500,000 .. 1,000,000","02:41 (00:53)","Topware Interactive","Topware Interactive"
"522","Talisman: Prologue","Oct 14, 2013","$6.99","N/A (N/A)","200,000 .. 500,000","00:00 (00:00)","Nomad Games","Nomad Games"
"284","Eador: Genesis","Oct 14, 2013","$5.99","N/A (N/A)","50,000 .. 100,000","00:00 (00:00)","Alexey Bokulev, Snowbird Games","Snowbird Games"
"18","The Wolf Among Us","Oct 11, 2013","$14.99","N/A (N/A/85%)","1,000,000 .. 2,000,000","00:00 (00:00)","Telltale Games","Telltale Games"
"303","Viscera Cleanup Detail: Shadow Warrior","Oct 11, 2013","N/A","N/A (N/A)","500,000 .. 1,000,000","00:00 (00:00)","RuneStorm","Devolver Digital"
"394","Iesabel","Oct 11, 2013","$4.99","N/A (N/A)","200,000 .. 500,000","00:00 (00:00)","","Forever Entertainment S. A."
"73","Soundodger+","Oct 11, 2013","$7.99","N/A (N/A/78%)","50,000 .. 100,000","00:00 (00:00)","Studio Bean","Adult Swim Games"
"13","Startopia","Oct 10, 2013","$0.97","N/A (N/A/86%)","200,000 .. 500,000","00:00 (00:00)","","Square Enix"
"414","Farming Simulator 2013 Titanium Edition","Oct 9, 2013","$14.99","N/A (N/A)","500,000 .. 1,000,000","00:00 (00:00)","Giants Software","Giants Software"
"418","Escape Goat","Oct 9, 2013","$4.99","N/A (N/A)","20,000 .. 50,000","00:00 (00:00)","MagicalTimeBean","MagicalTimeBean"
"382","Flashpoint Campaigns: Red Storm Player's Edition","Oct 9, 2013","$49.99","N/A (N/A)","0 .. 20,000","00:00 (00:00)","On Target Simulations","Slitherine Ltd."
"444","Cook, Serve, Delicious!","Oct 8, 2013","$2.49","N/A (N/A)","500,000 .. 1,000,000","00:00 (00:00)","Vertigo Gaming Inc.","Vertigo Gaming Inc."
"116","Gas Guzzlers Extreme","Oct 8, 2013","$3.74","N/A (N/A/73%)","200,000 .. 500,000","00:00 (00:00)","Gamepires","Iceberg Interactive"
"142","Bionic Dues","Oct 8, 2013","$9.99","N/A (N/A/71%)","200,000 .. 500,000","00:00 (00:00)","Arcen Games, LLC","Arcen Games, LLC"
"426","Pandemonium","Oct 8, 2013","$0.97","N/A (N/A)","20,000 .. 50,000","00:00 (00:00)","Crystal Dynamics","Square Enix"
"548","Gravi","Oct 8, 2013","$4.99","N/A (N/A)","0 .. 20,000","00:00 (00:00)","Hashbang Games",""
"266","Chainsaw Warrior","Oct 7, 2013","$4.99","N/A (N/A)","100,000 .. 200,000","00:00 (00:00)","Auroch Digital","Auroch Digital"
"543","Salvation Prophecy","Oct 7, 2013","$19.99","N/A (N/A)","20,000 .. 50,000","00:00 (00:00)","Firedance Games",""
"143","Enclave","Oct 4, 2013","$4.99","N/A (N/A/71%)","1,000,000 .. 2,000,000","03:14 (01:04)","Starbreeze","Topware Interactive"
"541","Jack Orlando: Director's Cut","Oct 4, 2013","$4.99","N/A (N/A)","1,000,000 .. 2,000,000","02:35 (00:51)","Toontraxx Studios","Topware Interactive"
"214","Knock-knock","Oct 4, 2013","$9.99","N/A (N/A/57%)","100,000 .. 200,000","00:00 (00:00)","Ice-Pick Lodge","Ice-Pick Lodge"
"317","Unholy Heights","Oct 4, 2013","$3.99","N/A (N/A)","100,000 .. 200,000","00:00 (00:00)","Petit Depotto","PLAYISM"
"525","The chronicles of Emerland. Solitaire.","Oct 4, 2013","$3.99","N/A (N/A)","100,000 .. 200,000","00:00 (00:00)","Rainbow Games","Rainbow Games"
"311","Absent","Oct 3, 2013","Free","N/A (N/A)","50,000 .. 100,000","00:00 (00:00)","FNGames","FNGames"
"31","Silent Storm Gold Edition","Oct 2, 2013","$9.99","N/A (N/A/83%)","100,000 .. 200,000","00:00 (00:00)","Nival","THQ Nordic"
"231","Air Conflicts: Vietnam","Oct 2, 2013","$14.99","N/A (N/A/43%)","50,000 .. 100,000","00:00 (00:00)","Games Farm","Games Farm"
"456","Porradaria Upgrade","Oct 2, 2013","N/A","N/A (N/A)","20,000 .. 50,000","00:00 (00:00)","CleanWaterSoft","CleanWaterSoft"
"228","Arma Tactics","Oct 1, 2013","$8.99","N/A (N/A/47%)","200,000 .. 500,000","00:00 (00:00)","Bohemia Interactive","Bohemia Interactive"
"378","Daikatana","Oct 1, 2013","$0.97","N/A (N/A)","200,000 .. 500,000","00:00 (00:00)","","Square Enix"
"340","Flashback","Oct 1, 2013","$9.99","N/A (N/A)","20,000 .. 50,000","00:00 (00:00)","","Ubisoft"
"355","KnightShift","Sep 27, 2013","$6.99","N/A (N/A)","1,000,000 .. 2,000,000","03:12 (01:04)","Reality Pump","Topware Interactive"
"128","Septerra Core","Sep 27, 2013","$4.99","N/A (N/A/72%)","200,000 .. 500,000","03:12 (01:04)","","Topware Interactive"
"144","World War III: Black Gold","Sep 27, 2013","$4.99","N/A (N/A/71%)","200,000 .. 500,000","04:00 (01:41)","Reality Pump","Topware Interactive"
"278","Gorky 17","Sep 27, 2013","$4.99","N/A (N/A)","200,000 .. 500,000","03:13 (01:04)","","Topware Interactive ACE"
"134","The Inner World","Sep 27, 2013","$14.99","N/A (N/A/72%)","100,000 .. 200,000","00:00 (00:00)","Studio Fizbin","Headup"
"203","World War II: Panzer Claws","Sep 27, 2013","$4.99","N/A (N/A/61%)","100,000 .. 200,000","03:42 (01:30)","","Topware Interactive"
"179","Rise of Venice","Sep 27, 2013","$19.99","N/A (N/A/66%)","50,000 .. 100,000","00:00 (00:00)","","Kalypso Media Digital"
"384","Legends of Aethereus","Sep 27, 2013","N/A","N/A (N/A)","20,000 .. 50,000","00:00 (00:00)","Three Gates","Three Gates"
"126","Shadow Warrior","Sep 26, 2013","$39.99","N/A (N/A/73%)","2,000,000 .. 5,000,000","00:00 (00:00)","Flying Wild Hog","Devolver Digital"
"451","Omikron: The Nomad Soul","Sep 26, 2013","$1.49","N/A (N/A)","200,000 .. 500,000","00:00 (00:00)","Quantic Dream","Square Enix"
"26","Giana Sisters: Twisted Dreams - Rise of the Owlverlord","Sep 26, 2013","$0.99","N/A (N/A/84%)","100,000 .. 200,000","00:00 (00:00)","Black Forest Games","HandyGames, Black Forest Games"
"319","Dysfunctional Systems: Learning to Manage Chaos","Sep 26, 2013","$4.99","N/A (N/A)","50,000 .. 100,000","00:00 (00:00)","Dischan Media","Dischan Media"
"393","Bunny Must Die! Chelsea and the 7 Devils","Sep 26, 2013","N/A","N/A (N/A)","20,000 .. 50,000","00:00 (00:00)","Platine Dispositif","Rockin' Android, Rockin Android"
"375","Enigmatis 2: The Mists of Ravenwood","Sep 25, 2013","$3.99","N/A (N/A)","100,000 .. 200,000","00:00 (00:00)","Artifex Mundi","Artifex Mundi"
"163","Scribblenauts Unmasked: A DC Comics Adventure","Sep 24, 2013","$19.99","N/A (N/A/68%)","200,000 .. 500,000","00:00 (00:00)","5th Cell Media","Warner Bros. Interactive Entertainment"
"225","Alien Rage - Unlimited","Sep 24, 2013","$19.99","N/A (N/A/52%)","200,000 .. 500,000","00:00 (00:00)","CI Games","CI Games"
"483","Blood Omen 2: Legacy of Kain","Sep 24, 2013","$0.97","N/A (N/A)","200,000 .. 500,000","00:00 (00:00)","","Square Enix"
"514","PAC-MAN Championship Edition DX+","Sep 24, 2013","$9.99","N/A (N/A)","200,000 .. 500,000","00:00 (00:00)","Mine Loader Software Co., Ltd.","BANDAI NAMCO Entertainment"
"425","Forbidden Planet","Sep 23, 2013","N/A","N/A (N/A)","100,000 .. 200,000","00:00 (00:00)","Faton","Faton"
"360","Portal 2 Sixense Perceptual Pack","Sep 20, 2013","Free","N/A (N/A)","1,000,000 .. 2,000,000","00:00 (00:00)","","Sixense"
"89","Angry Video Game Nerd Adventures","Sep 20, 2013","$4.99","N/A (N/A/77%)","100,000 .. 200,000","00:00 (00:00)","FreakZone Games","Screenwave Media"
"282","1953 - KGB Unleashed","Sep 20, 2013","$5.99","N/A (N/A)","100,000 .. 200,000","00:00 (00:00)","","United Independent Entertainment GmbH"
"421","Doorways: Prelude","Sep 20, 2013","$9.99","N/A (N/A)","100,000 .. 200,000","00:00 (00:00)","Saibot Studios","Saibot Studios"
"465","Marlow Briggs and the Mask of Death","Sep 20, 2013","$4.99","N/A (N/A)","100,000 .. 200,000","00:00 (00:00)","Zootfly","505 Games"
"359","Omegalodon","Sep 20, 2013","$9.99","N/A (N/A)","20,000 .. 50,000","00:00 (00:00)","North of Earth","North of Earth"
"307","Cognition: An Erica Reed Thriller","Sep 19, 2013","$14.99","N/A (N/A)","100,000 .. 200,000","00:00 (00:00)","Phoenix Online Studios","Phoenix Online Publishing"
"191","Dragon's Prophet","Sep 18, 2013","Free","N/A (N/A/63%)","200,000 .. 500,000","00:00 (00:00)","Runewaker","Infernum Productions AG"
"212","Urban Trial Freestyle","Sep 18, 2013","$6.99","N/A (N/A/58%)","100,000 .. 200,000","00:00 (00:00)","Tate Multimedia","Tate Multimedia"
"153","Foul Play","Sep 18, 2013","$14.99","N/A (N/A/69%)","50,000 .. 100,000","00:00 (00:00)","Mediatonic, The Irregular Corporation","Devolver Digital"
"156","Ironclad Tactics","Sep 18, 2013","$14.99","N/A (N/A/69%)","50,000 .. 100,000","00:00 (00:00)","Zachtronics","Zachtronics"
"437","InFlux","Sep 18, 2013","$9.99","N/A (N/A)","50,000 .. 100,000","00:00 (00:00)","Impromptu Games","Impromptu Games"
"458","A-Train 8","Sep 18, 2013","$19.99","N/A (N/A)","20,000 .. 50,000","00:00 (00:00)","ARTDINK","Degica"
"281","Artemis Spaceship Bridge Simulator","Sep 16, 2013","$6.99","N/A (N/A)","50,000 .. 100,000","00:00 (00:00)","",""
"334","THE KING OF FIGHTERS XIII STEAM EDITION","Sep 13, 2013","$4.99","N/A (N/A)","500,000 .. 1,000,000","00:00 (00:00)","SNK CORPORATION","SNK CORPORATION"
"94","Volgarr the Viking","Sep 13, 2013","$9.99","N/A (N/A/76%)","200,000 .. 500,000","00:00 (00:00)","Crazy Viking Studios","Adult Swim Games"
"197","Legend of Dungeon","Sep 13, 2013","$9.99","N/A (N/A/62%)","200,000 .. 500,000","00:00 (00:00)","Robot Loves Kitty","SNK CORPORATION"
"287","Huntsman: The Orphanage (Halloween Edition)","Sep 13, 2013","$8.99","N/A (N/A)","100,000 .. 200,000","00:00 (00:00)","ShadowShifters","ShadowShifters"
"269","Playing History 2 - Slave Trade","Sep 13, 2013","$4.99","N/A (N/A)","0 .. 20,000","00:00 (00:00)","Serious Games Interactive","Serious Games Interactive"
"109","Arma 3","Sep 12, 2013","$29.99","N/A (N/A/74%)","2,000,000 .. 5,000,000","05:26 (06:10)","Bohemia Interactive","Bohemia Interactive"
"534","S.K.I.L.L. - Special Force 2 (Shooter)","Sep 12, 2013","N/A","N/A (N/A)","2,000,000 .. 5,000,000","00:00 (00:00)","Dragonfly GF Co., LTD","Gameforge 4D GmbH"
"131","Aarklash: Legacy","Sep 12, 2013","$15.99","N/A (N/A/72%)","100,000 .. 200,000","00:00 (00:00)","Cyanide Studio","Bigben Interactive"
"322","Paranormal","Sep 12, 2013","$9.99","N/A (N/A)","20,000 .. 50,000","00:00 (00:00)","","Matthew C Cohen"
"135","Amnesia: A Machine for Pigs","Sep 10, 2013","$19.99","N/A (N/A/72%)","1,000,000 .. 2,000,000","00:00 (00:00)","The Chinese Room","Frictional Games"
"19","Wizardry 8","Sep 10, 2013","$9.99","N/A (N/A/85%)","100,000 .. 200,000","00:00 (00:00)","Sir-Tech Canada","Gamepot, Inc., Nightdive Studios"
"343","Wizardry 7: Crusaders of the Dark Savant","Sep 10, 2013","$4.99","N/A (N/A)","100,000 .. 200,000","00:00 (00:00)","Sir-Tech","Gamepot, Inc., Nightdive Studios"
"363","Wizardry 6: Bane of the Cosmic Forge","Sep 10, 2013","$4.99","N/A (N/A)","50,000 .. 100,000","00:00 (00:00)","Sir-Tech","Gamepot, Inc., Nightdive Studios"
"37","Dominions 3: The Awakening","Sep 10, 2013","$19.99","N/A (N/A/82%)","20,000 .. 50,000","00:00 (00:00)","Illwinter Game Design","Illwinter Game Design"
"310","PlayClaw 5 - Game Recording and Streaming","Sep 10, 2013","$39.99","N/A (N/A)","0 .. 20,000","00:00 (00:00)","","Alawar Premium"
"364","Bronze Age - HD Edition","Sep 10, 2013","$2.99","N/A (N/A)","0 .. 20,000","00:00 (00:00)","Clarus Victoria","Clarus Victoria"
"429","Z3TA+ 2","Sep 9, 2013","N/A","N/A (N/A)","0 .. 20,000","00:00 (00:00)","Cakewalk","Cakewalk"
"358","Zafehouse: Diaries","Sep 6, 2013","$1.99","N/A (N/A)","50,000 .. 100,000","00:00 (00:00)","Screwfly Studios","Screwfly Studios"
"84","Rise of Flight United","Sep 5, 2013","Free","N/A (N/A/77%)","200,000 .. 500,000","00:00 (00:00)","777 Studios","1C-777"
"49","Outlast","Sep 4, 2013","$19.99","N/A (N/A/80%)","2,000,000 .. 5,000,000","138:57 (46:19)","Red Barrels","Red Barrels"
"118","MirrorMoon EP","Sep 4, 2013","$14.99","N/A (N/A/73%)","100,000 .. 200,000","00:00 (00:00)","Santa Ragione","Santa Ragione"
"353","Castle of Illusion","Sep 4, 2013","$14.99","N/A (N/A)","100,000 .. 200,000","00:00 (00:00)","SEGA Studios Australia","SEGA"
"297","Football Mogul 2014","Sep 4, 2013","$0.99","N/A (N/A)","20,000 .. 50,000","00:00 (00:00)","Sports Mogul, Inc.","Sports Mogul, Inc."
"6","Brothers - A Tale of Two Sons","Sep 3, 2013","$14.99","N/A (N/A/90%)","1,000,000 .. 2,000,000","00:00 (00:00)","Starbreeze Studios AB","505 Games"
"7","Rayman Legends","Sep 3, 2013","$29.99","N/A (N/A/89%)","200,000 .. 500,000","00:00 (00:00)","","Ubisoft"
"96","Total War: ROME II - Emperor Edition","Sep 2, 2013","$14.99","N/A (N/A/76%)","2,000,000 .. 5,000,000","00:00 (00:00)","CREATIVE ASSEMBLY","SEGA"
"255","Music of the Spheres","Sep 1, 2013","$2.99","N/A (N/A)","0 .. 20,000","00:00 (00:00)","Hamish Todd","Hamish Todd"
"160","Game Dev Tycoon","Aug 29, 2013","$9.99","N/A (N/A/68%)","1,000,000 .. 2,000,000","00:01 (00:00)","Greenheart Games","Greenheart Games"
"216","Guardians of Middle-earth","Aug 29, 2013","N/A","N/A (N/A/56%)","500,000 .. 1,000,000","00:00 (00:00)","Zombie Studios","Warner Bros. Interactive Entertainment"
"64","Memoria","Aug 29, 2013","$19.99","N/A (N/A/79%)","200,000 .. 500,000","00:00 (00:00)","Daedalic Entertainment","Daedalic Entertainment"
"233","The Chaos Engine","Aug 29, 2013","$9.99","N/A (N/A/40%)","50,000 .. 100,000","00:00 (00:00)","Abstraction Games, The Bitmap Brothers","Rebellion"
"150","Shelter","Aug 28, 2013","$9.99","N/A (N/A/69%)","200,000 .. 500,000","00:00 (00:00)","Might and Delight","Might and Delight"
"549","Perfection.","Aug 28, 2013","$2.99","N/A (N/A)","0 .. 20,000","00:00 (00:00)","Greg Lobanov",""
"377","Sid Meier’s Ace Patrol","Aug 27, 2013","$4.99","N/A (N/A)","500,000 .. 1,000,000","00:00 (00:00)","Firaxis Games","2K"
"432","Castlevania: Lords of Shadow – Ultimate Edition","Aug 27, 2013","$29.99","N/A (N/A)","200,000 .. 500,000","00:00 (00:00)","MercurySteam - Climax Studios","Konami Digital Entertainment"
"286","Space Ace","Aug 27, 2013","$9.99","N/A (N/A)","0 .. 20,000","00:00 (00:00)","Digital Leisure Inc.","Digital Leisure Inc."
"137","PixelJunk Monsters Ultimate","Aug 26, 2013","$9.99","N/A (N/A/72%)","200,000 .. 500,000","00:00 (00:00)","Double Eleven, Q-Games Ltd.","Double Eleven"
"517","LOST PLANET 3","Aug 26, 2013","$24.99","N/A (N/A)","200,000 .. 500,000","00:00 (00:00)","Spark Unlimited","Capcom"
"463","Electronic Super Joy","Aug 23, 2013","$7.99","N/A (N/A)","200,000 .. 500,000","00:00 (00:00)","Michael Todd Games","2&30 Software"
"30","Skullgirls","Aug 22, 2013","$9.99","N/A (N/A/83%)","1,000,000 .. 2,000,000","03:00 (01:00)","Lab Zero Games","Marvelous, Autumn Games"
"365","Goblin Defenders: Steel‘n’ Wood","Aug 21, 2013","$2.99","N/A (N/A)","20,000 .. 50,000","00:00 (00:00)","Alawar Entertainment","Alawar Premium"
"256","Tom Clancy’s Splinter Cell Blacklist","Aug 20, 2013","$29.99","N/A (N/A)","500,000 .. 1,000,000","00:00 (00:00)","Ubisoft Toronto","Ubisoft"
"120","Divekick","Aug 20, 2013","$4.99","N/A (N/A/73%)","200,000 .. 500,000","00:00 (00:00)","Iron Galaxy","Iron Galaxy"
"243","Left in the Dark: No One on Board","Aug 20, 2013","$9.99","N/A (N/A)","50,000 .. 100,000","00:00 (00:00)","Moonrise Interactive","Artifex Mundi"
"509","Solar War","Aug 20, 2013","$4.99","N/A (N/A)","0 .. 20,000","00:00 (00:00)","Snipefish Entertainment","Snipefish Entertainment"
"14","Saints Row IV","Aug 19, 2013","$14.99","N/A (N/A/86%)","2,000,000 .. 5,000,000","00:00 (00:00)","Deep Silver Volition","Deep Silver"
"177","The Bureau: XCOM Declassified","Aug 19, 2013","$19.99","N/A (N/A/66%)","2,000,000 .. 5,000,000","00:00 (00:00)","2K Marin","2K"
"242","Hate Plus","Aug 19, 2013","$9.99","N/A (N/A)","50,000 .. 100,000","00:00 (00:00)","Love Conquers All Games","Love Conquers All Games"
"398","Blue Rose","Aug 17, 2013","$15.99","N/A (N/A)","20,000 .. 50,000","00:00 (00:00)","White Cat","White Cat"
"528","Affairs of the Court: Choice of Romance","Aug 16, 2013","$5.99","N/A (N/A)","0 .. 20,000","00:00 (00:00)","Choice of Games","Choice of Games"
"44","War Thunder","Aug 15, 2013","Free","N/A (N/A/81%)","10,000,000 .. 20,000,000","08:04 (04:03)","Gaijin Entertainment","Gaijin Entertainment"
"12","Gone Home","Aug 15, 2013","$14.99","N/A (N/A/86%)","500,000 .. 1,000,000","00:00 (00:00)","Fullbright","Fullbright"
"121","Worms Clan Wars","Aug 15, 2013","$24.99","N/A (N/A/73%)","500,000 .. 1,000,000","00:09 (00:03)","Team17 Digital Ltd","Team17 Digital Ltd"
"213","Space Hulk","Aug 15, 2013","N/A","N/A (N/A/58%)","200,000 .. 500,000","00:00 (00:00)","Full Control Studios","Full Control"
"60","PAYDAY 2","Aug 13, 2013","$9.99","N/A (N/A/79%)","10,000,000 .. 20,000,000","19:02 (02:45)","OVERKILL - a Starbreeze Studio.","Starbreeze Publishing AB"
"11","Europa Universalis IV","Aug 13, 2013","$39.99","N/A (N/A/87%)","1,000,000 .. 2,000,000","20:29 (34:05)","Paradox Development Studio","Paradox Interactive"
"174","DuckTales: Remastered","Aug 13, 2013","N/A","N/A (N/A/66%)","200,000 .. 500,000","00:00 (00:00)","WayForward","Capcom"
"133","Hammerwatch","Aug 12, 2013","$9.99","N/A (N/A/72%)","500,000 .. 1,000,000","00:00 (00:00)","Crackshell","Crackshell"
"401","Ashley Clark: Secret of the Ruby","Aug 11, 2013","$9.99","N/A (N/A)","0 .. 20,000","00:00 (00:00)","N-Tri Studio","N-Tri Studio"
"352","fault - milestone one","Aug 9, 2013","$14.99","N/A (N/A)","200,000 .. 500,000","00:00 (00:00)","ALICE IN DISSONANCE","Sekai Project"
"117","Guncraft","Aug 9, 2013","$14.99","N/A (N/A/73%)","100,000 .. 200,000","00:00 (00:00)","Exato Games Studio","Reverb Triple XP"
"17","Papers, Please","Aug 8, 2013","$9.99","N/A (N/A/85%)","2,000,000 .. 5,000,000","00:00 (00:00)","Lucas Pope","3909"
"4","Spelunky","Aug 8, 2013","$2.24","N/A (N/A/90%)","1,000,000 .. 2,000,000","02:22 (03:00)","Mossmouth","Mossmouth"
"9","Guacamelee! Gold Edition","Aug 8, 2013","$2.99","N/A (N/A/88%)","500,000 .. 1,000,000","00:00 (00:00)","DrinkBox Studios","DrinkBox Studios"
"500","Clockwork Tales: Of Glass and Ink","Aug 8, 2013","$9.99","N/A (N/A)","100,000 .. 200,000","00:00 (00:00)","Artifex Mundi","Artifex Mundi"
"102","Beatbuddy: Tale of the Guardians","Aug 6, 2013","$9.99","N/A (N/A/75%)","200,000 .. 500,000","00:00 (00:00)","Threaks","Threaks"
"305","Divinity: Dragon Commander","Aug 6, 2013","$39.99","N/A (N/A)","200,000 .. 500,000","00:00 (00:00)","Larian Studios","Larian Studios"
"346","Disney Planes","Aug 6, 2013","$19.99","N/A (N/A)","0 .. 20,000","00:00 (00:00)","Behaviour Interactive","Disney"
"462","DCS World Steam Edition","Aug 2, 2013","Free","N/A (N/A)","2,000,000 .. 5,000,000","01:19 (00:52)","Eagle Dynamics SA","The Fighter Collection"
"167","Cloudberry Kingdom","Aug 2, 2013","$9.99","N/A (N/A/67%)","20,000 .. 50,000","00:00 (00:00)","Pwnee Studios","Ubisoft"
"187","Inquisitor","Aug 2013","$5.09","N/A (N/A/64%)","100,000 .. 200,000","00:00 (00:00)","CINEMAX, s.r.o.","CINEMAX, s.r.o."
"404","Virtual Race Car Engineer","Aug 1, 2013","$9.99","N/A (N/A)","0 .. 20,000","00:00 (00:00)","Tim McArthur","Monkey Face Software LLC"
"170","Rise of the Triad","Jul 31, 2013","$14.99","N/A (N/A/67%)","200,000 .. 500,000","00:00 (00:00)","Interceptor Entertainment","Apogee Software"
"123","CastleStorm","Jul 29, 2013","$9.99","N/A (N/A/73%)","100,000 .. 200,000","00:00 (00:00)","Zen Studios","Zen Studios"
"504","Realms of Arkania: Blade of Destiny","Jul 29, 2013","$14.99","N/A (N/A)","100,000 .. 200,000","00:00 (00:00)","United Independent Entertainment GmbH, Crafty Studios","United Independent Entertainment GmbH"
"138","Skulls of the Shogun","Jul 29, 2013","$9.99","N/A (N/A/72%)","50,000 .. 100,000","00:00 (00:00)","17-BIT","17-BIT"
"459","Princess Battles","Jul 26, 2013","$16.99","N/A (N/A)","0 .. 20,000","00:00 (00:00)","Nekomura Games","Nekomura Games"
"95","Shadowrun Returns","Jul 25, 2013","$14.99","N/A (N/A/76%)","1,000,000 .. 2,000,000","02:15 (00:45)","Harebrained Schemes","Paradox Interactive"
"237","Citadels","Jul 25, 2013","$14.99","N/A (N/A/20%)","50,000 .. 100,000","00:00 (00:00)","Games Distillery s.r.o.","HandyGames"
"71","Teleglitch: Die More Edition","Jul 24, 2013","$12.99","N/A (N/A/78%)","500,000 .. 1,000,000","00:00 (00:00)","Test3 Projects","Paradox Interactive"
"306","Nightmares from the Deep 2: The Siren`s Call","Jul 24, 2013","$9.99","N/A (N/A)","100,000 .. 200,000","00:00 (00:00)","Artifex Mundi","Artifex Mundi"
"171","Ittle Dew","Jul 23, 2013","$9.99","N/A (N/A/67%)","100,000 .. 200,000","00:00 (00:00)","Ludosity","Ludosity"
"345","League of Mermaids","Jul 23, 2013","$6.99","N/A (N/A)","0 .. 20,000","00:00 (00:00)","Alder Games","Legacy Games"
"411","3 Blind Mice: A Remediation Game for Improper Children","Jul 21, 2013","Free","N/A (N/A)","0 .. 20,000","00:00 (00:00)","James Earl Cox III","James Earl Cox III"
"448","9 Clues: The Secret of Serpent Creek","Jul 18, 2013","$9.99","N/A (N/A)","50,000 .. 100,000","00:00 (00:00)","Tap It Games","Artifex Mundi"
"251","Tokyo Hosto","Jul 14, 2013","$4.99","N/A (N/A)","0 .. 20,000","00:00 (00:00)","Baller Industries","Baller industries"
"460","Huenison","Jul 12, 2013","$4.99","N/A (N/A)","0 .. 20,000","00:00 (00:00)","RETREAM","RGCD.DEV"
"434","Toki Tori 2+","Jul 11, 2013","$14.99","N/A (N/A)","200,000 .. 500,000","00:00 (00:00)","Two Tribes","Two Tribes"
"112","BIT.TRIP FATE","Jul 11, 2013","$9.99","N/A (N/A/74%)","50,000 .. 100,000","00:00 (00:00)","Gaijin Games","Gaijin Games"
"5","Dota 2","Jul 9, 2013","Free","N/A (N/A/90%)","100,000,000 .. 200,000,000","31:06 (13:31)","Valve","Valve"
"202","Oknytt","Jul 8, 2013","$4.99","N/A (N/A/61%)","50,000 .. 100,000","00:00 (00:00)","Nemoria Entertainment","Nemoria Entertainment"
"413","FINAL FANTASY VII","Jul 4, 2013","$11.99","N/A (N/A)","1,000,000 .. 2,000,000","00:00 (00:00)","Square Enix","Square Enix"
"65","TrackMania² Valley","Jul 4, 2013","$19.99","N/A (N/A/79%)","100,000 .. 200,000","00:00 (00:00)","Nadeo","Ubisoft"
"239","Soldier Front 2","Jul 3, 2013","Free","N/A (N/A)","500,000 .. 1,000,000","00:00 (00:00)","Dragonfly","Aeria Games"
"232","DARK","Jul 3, 2013","$9.99","N/A (N/A/41%)","100,000 .. 200,000","00:00 (00:00)","Realmforge Studios","Kalypso Media Digital"
"446","Bleed","Jul 3, 2013","$4.99","N/A (N/A)","100,000 .. 200,000","00:00 (00:00)","Ian Campbell","Ian Campbell"
"257","Interstellar Marines","Jul 2, 2013","$9.99","N/A (N/A)","200,000 .. 500,000","00:00 (00:00)","Zero Point Software","Zero Point Software"
"487","The Apogee Throwback Pack","Jul 1, 2013","$9.99","N/A (N/A)","200,000 .. 500,000","00:00 (00:00)","Apogee Software","Apogee Software"
"431","Jack Keane 2 - The Fire Within","Jun 28, 2013","$9.99","N/A (N/A)","0 .. 20,000","00:00 (00:00)","Deck 13","astragon Entertainment"
"20","Rogue Legacy","Jun 27, 2013","$14.99","N/A (N/A/85%)","1,000,000 .. 2,000,000","00:00 (00:00)","Cellar Door Games","Cellar Door Games"
"450","Leisure Suit Larry in the Land of the Lounge Lizards: Reloaded","Jun 27, 2013","N/A","N/A (N/A)","50,000 .. 100,000","00:00 (00:00)","nFusion Interactive","Replay Games"
"189","Storm","Jun 27, 2013","$9.99","N/A (N/A/63%)","20,000 .. 50,000","00:00 (00:00)","Eko Software","Eko Software"
"515","Magic 2014 — Duels of the Planeswalkers","Jun 26, 2013","$9.99","N/A (N/A)","500,000 .. 1,000,000","00:00 (00:00)","Stainless Games","Wizards of the Coast LLC"
"119","Super Splatters","Jun 26, 2013","N/A","N/A (N/A/73%)","100,000 .. 200,000","00:00 (00:00)","SpikySnail","SpikySnail"
"51","Company of Heroes 2","Jun 24, 2013","$19.99","N/A (N/A/80%)","5,000,000 .. 10,000,000","03:15 (03:59)","Relic Entertainment, Feral Interactive (Mac), Feral Interactive (Linux)","SEGA, Feral Interactive (Mac), Feral Interactive (Linux)"
"35","Joe Danger 2: The Movie","Jun 24, 2013","$14.99","N/A (N/A/82%)","200,000 .. 500,000","00:00 (00:00)","Hello Games","Hello Games"
"546","Joe Danger","Jun 24, 2013","$14.99","N/A (N/A)","20,000 .. 50,000","00:00 (00:00)","Hello Games","Hello Games"
"125","Fist Puncher","Jun 21, 2013","$9.99","N/A (N/A/73%)","20,000 .. 50,000","00:00 (00:00)","Team2Bit","Adult Swim Games"
"229","Hexodius","Jun 21, 2013","$9.99","N/A (N/A/47%)","0 .. 20,000","00:00 (00:00)","Brain Slap Studio","BANDAI NAMCO Entertainment"
"328","Sabres of Infinity","Jun 21, 2013","$2.99","N/A (N/A)","0 .. 20,000","00:00 (00:00)","Hosted Games","Hosted Games"
"83","TrackMania² Stadium","Jun 20, 2013","$9.99","N/A (N/A/77%)","500,000 .. 1,000,000","00:00 (00:00)","Nadeo","Ubisoft"
"420","MotoGP13","Jun 20, 2013","$9.99","N/A (N/A)","50,000 .. 100,000","00:00 (00:00)","Milestone S.r.l.","Plug In Digital, Milestone S.r.l."
"323","Magrunner: Dark Pulse","Jun 20, 2013","$9.99","N/A (N/A)","20,000 .. 50,000","00:00 (00:00)","Frogwares","Frogwares"
"407","Knights of Pen and Paper +1 Edition","Jun 18, 2013","$9.99","N/A (N/A)","200,000 .. 500,000","00:00 (00:00)","Behold Studios","Paradox Interactive"
"479","Dungeons & Dragons: Chronicles of Mystara","Jun 18, 2013","$14.99","N/A (N/A)","100,000 .. 200,000","00:00 (00:00)","Iron Galaxy Studios","Capcom"
"291","Area-X","Jun 16, 2013","$24.99","N/A (N/A)","0 .. 20,000","00:00 (00:00)","Zeiva Inc","Zeiva Inc"
"454","Risk","Jun 10, 2013","$9.99","N/A (N/A)","20,000 .. 50,000","00:00 (00:00)","Sperasoft, Inc.","PopCap"
"430","Scrabble","Jun 10, 2013","$9.99","N/A (N/A)","0 .. 20,000","00:00 (00:00)","Sperasoft, Inc.","PopCap"
"441","The Game of Life","Jun 10, 2013","$9.99","N/A (N/A)","0 .. 20,000","00:00 (00:00)","Virtuos","PopCap"
"530","Battleship","Jun 10, 2013","$9.99","N/A (N/A)","0 .. 20,000","00:00 (00:00)","Sperasoft, Inc.","PopCap"
"379","Penny Arcade's On the Rain-Slick Precipice of Darkness 4","Jun 7, 2013","$1.99","N/A (N/A)","200,000 .. 500,000","00:00 (00:00)","Zeboyd Games","Penny Arcade, Inc."
"540","7 Grand Steps: What Ancients Begat","Jun 7, 2013","$19.99","N/A (N/A)","100,000 .. 200,000","00:00 (00:00)","Mousechief","Mousechief"
"313","Agricultural Simulator 2013 - Steam Edition","Jun 7, 2013","$9.99","N/A (N/A)","50,000 .. 100,000","00:00 (00:00)","Actalogic","United Independent Entertainment GmbH"
"24","Trine 2: Complete Story","Jun 6, 2013","$19.99","N/A (N/A/84%)","2,000,000 .. 5,000,000","01:58 (00:39)","Frozenbyte","Frozenbyte"
"292","Dungeon Shooter 2","Jun 6, 2013","$7.99","N/A (N/A)","0 .. 20,000","00:00 (00:00)","Rabid Design Studios","Rabid Design Studios"
"211","Prime World: Defenders","Jun 5, 2013","$9.99","N/A (N/A/58%)","100,000 .. 200,000","00:00 (00:00)","Nival","Nival"
"455","Namariel Legends: Iron Lord Premium Edition","Jun 5, 2013","$6.99","N/A (N/A)","50,000 .. 100,000","00:00 (00:00)","Shaman Games Studio","PlayRIX"
"386","Cranky Cat","Jun 5, 2013","$2.99","N/A (N/A)","0 .. 20,000","00:00 (00:00)","March Entertainment","March Entertainment"
"33","Gunpoint","Jun 3, 2013","$9.99","N/A (N/A/83%)","500,000 .. 1,000,000","00:00 (00:00)","Suspicious Developments","Suspicious Developments"
"183","Remember Me","Jun 3, 2013","$29.99","N/A (N/A/65%)","500,000 .. 1,000,000","00:00 (00:00)","DONTNOD Entertainment","Capcom"
"493","Robot vs Birds Zombies","Jun 1, 2013","$0.99","N/A (N/A)","200,000 .. 500,000","03:01 (01:30)","yfyx games","yfyx games"
"510","Exodus","Jun 1, 2013","$0.99","N/A (N/A)","0 .. 20,000","00:00 (00:00)","Galhmac Game Studio","Multi-Form"
"474","The Grave Digger","May 31, 2013","$5.99","N/A (N/A)","0 .. 20,000","00:00 (00:00)","Home Groan Games","Home Groan Games"
"10","The Swapper","May 30, 2013","$14.99","N/A (N/A/87%)","500,000 .. 1,000,000","00:00 (00:00)","Olli Harjola, Otto Hantula, Tom Jubert, Carlo Castellano","Facepalm Games"
"79","Expeditions: Conquistador","May 30, 2013","$19.99","N/A (N/A/77%)","100,000 .. 200,000","00:00 (00:00)","Logic Artists","THQ Nordic"
"38","Rising Storm Game of the Year Edition","May 30, 2013","$4.99","N/A (N/A/82%)","0 .. 20,000","00:00 (00:00)","Tripwire Interactive, Anti Matter Games","Tripwire Interactive"
"57","Wargame: Airland Battle","May 29, 2013","$19.99","N/A (N/A/80%)","500,000 .. 1,000,000","00:00 (00:00)","Eugen Systems","Eugen Systems"
"101","Cubetractor","May 29, 2013","$4.99","N/A (N/A/75%)","200,000 .. 500,000","00:00 (00:00)","Ludochip","Ludochip"
"105","The Night of the Rabbit","May 28, 2013","$19.99","N/A (N/A/75%)","200,000 .. 500,000","00:00 (00:00)","Daedalic Entertainment","Daedalic Entertainment"
"288","Farming Giant","May 28, 2013","$1.99","N/A (N/A)","20,000 .. 50,000","00:00 (00:00)","Actalogic","Toplitz Productions"
"496","Dust: An Elysian Tail","May 24, 2013","$14.99","N/A (N/A)","1,000,000 .. 2,000,000","00:00 (00:00)","Humble Hearts LLC","Xbox Game Studios"
"260","Rush Bros.","May 24, 2013","$9.99","N/A (N/A)","100,000 .. 200,000","00:00 (00:00)","XYLA Entertainment","Digital Tribe"
"87","Element4l","May 24, 2013","$8.99","N/A (N/A/77%)","50,000 .. 100,000","00:00 (00:00)","I-Illusions","I-Illusions"
"308","Super Puzzle Platformer Deluxe","May 24, 2013","$7.99","N/A (N/A)","50,000 .. 100,000","00:00 (00:00)","Andrew Morrish","Adult Swim Games"
"186","Skyward Collapse","May 23, 2013","$4.99","N/A (N/A/64%)","100,000 .. 200,000","00:00 (00:00)","Arcen Games, LLC","Arcen Games, LLC"
"129","The Incredible Adventures of Van Helsing","May 22, 2013","$14.99","N/A (N/A/72%)","1,000,000 .. 2,000,000","00:00 (00:00)","NeocoreGames","NeocoreGames"
"54","Fallen Enchantress: Legendary Heroes","May 22, 2013","$12.49","N/A (N/A/80%)","200,000 .. 500,000","00:00 (00:00)","Stardock Entertainment","Stardock Entertainment"
"86","Resident Evil Revelations / Biohazard Revelations","May 20, 2013","$29.99","N/A (N/A/77%)","500,000 .. 1,000,000","00:00 (00:00)","Capcom","Capcom"
"309","Dragon's Lair","May 17, 2013","$9.99","N/A (N/A)","50,000 .. 100,000","00:00 (00:00)","Digital Leisure Inc.","Digital Leisure Inc."
"227","Bad Bots","May 17, 2013","$4.99","N/A (N/A/49%)","20,000 .. 50,000","00:00 (00:00)","Point Five Projects","Digital Tribe"
"107","Reus","May 16, 2013","$9.99","N/A (N/A/75%)","500,000 .. 1,000,000","00:00 (00:00)","Abbey Games","Abbey Games"
"82","Sanctum 2","May 15, 2013","$14.99","N/A (N/A/77%)","2,000,000 .. 5,000,000","00:00 (00:00)","Coffee Stain Studios","Coffee Stain Publishing"
"90","Anomaly 2","May 15, 2013","$14.99","N/A (N/A/77%)","200,000 .. 500,000","00:00 (00:00)","11 bit studios","11 bit studios"
"157","Thunder Wolves","May 15, 2013","$1.99","N/A (N/A/69%)","100,000 .. 200,000","00:00 (00:00)","Most Wanted Entertainment","HandyGames"
"368","East Tower - Kuon (East Tower Series Vol. 3)","May 14, 2013","$8.99","N/A (N/A)","0 .. 20,000","00:00 (00:00)","ROSEVERTE","ROSEVERTE"
"399","Nancy Drew: Ghost of Thornton Hall","May 14, 2013","$19.99","N/A (N/A)","0 .. 20,000","00:00 (00:00)","HeR Interactive, Inc.","HeR Interactive"
"439","Luxor 2 HD","May 13, 2013","$9.99","N/A (N/A)","20,000 .. 50,000","00:00 (00:00)","MumboJumbo","MumboJumbo"
"478","Super Sanctum TD","May 9, 2013","$4.99","N/A (N/A)","200,000 .. 500,000","00:00 (00:00)","Coffee Stain Studios","Coffee Stain Publishing"
"403","Rise of Prussia Gold","May 8, 2013","$19.99","N/A (N/A)","0 .. 20,000","00:00 (00:00)","Ageod","Slitherine Ltd."
"285","Driver Fusion - The Best Driver & Device Solution","May 6, 2013","Free","N/A (N/A)","0 .. 20,000","00:00 (00:00)","Treexy","Treexy"
"349","Might & Magic: Heroes VI - Shades of Darkness","May 2, 2013","$14.99","N/A (N/A)","0 .. 20,000","00:00 (00:00)","Virtuos","Ubisoft"
"440","Rescue Team 3","May 2, 2013","$4.99","N/A (N/A)","0 .. 20,000","00:00 (00:00)","Alawar Entertainment","Buka Entertainment"
"3","FEZ","May 1, 2013","$9.99","N/A (N/A/91%)","1,000,000 .. 2,000,000","00:00 (00:00)","Polytron Corporation","Trapdoor"
"46","Far Cry 3 - Blood Dragon","May 1, 2013","$5.99","N/A (N/A/81%)","1,000,000 .. 2,000,000","00:00 (00:00)","Ubisoft Montreal","Ubisoft"
"498","Ragnarok Online 2","May 1, 2013","Free","N/A (N/A)","1,000,000 .. 2,000,000","00:00 (00:00)","Gravity, Inc.","Gravity Interactive"
"337","Mini Motor Racing EVO","May 1, 2013","$4.99","N/A (N/A)","50,000 .. 100,000","00:00 (00:00)","The Binary Mill","The Binary Mill"
"182","Strike Suit Infinity","Apr 30, 2013","$6.99","N/A (N/A/66%)","200,000 .. 500,000","00:00 (00:00)","Born Ready Games Ltd.","Born Ready Games"
"518","Zeno Clash 2","Apr 30, 2013","$14.99","N/A (N/A)","200,000 .. 500,000","00:00 (00:00)","ACE Team","SEGA"
"521","Jack Lumber","Apr 30, 2013","$4.99","N/A (N/A)","100,000 .. 200,000","00:00 (00:00)","Owlchemy Labs","Owlchemy Labs"
"372","Receiver","Apr 29, 2013","$4.99","N/A (N/A)","500,000 .. 1,000,000","00:00 (00:00)","Wolfire Games","Wolfire Games"
"245","Zack Zero","Apr 29, 2013","$2.99","N/A (N/A)","50,000 .. 100,000","00:00 (00:00)","Crocodile Entertainment","Crocodile Entertainment"
"100","Poker Night 2","Apr 26, 2013","N/A","N/A (N/A/75%)","500,000 .. 1,000,000","00:00 (00:00)","Telltale Games","Telltale Games"
"204","StarDrive","Apr 26, 2013","$4.49","N/A (N/A/61%)","200,000 .. 500,000","00:00 (00:00)","Zero Sum Games","Iceberg Interactive"
"207","Mars: War Logs","Apr 26, 2013","$14.99","N/A (N/A/59%)","200,000 .. 500,000","00:00 (00:00)","Spiders","Focus Home Interactive"
"412","Cry of Fear","Apr 25, 2013","Free","N/A (N/A)","2,000,000 .. 5,000,000","00:00 (00:00)","Team Psykskallar","Team Psykskallar"
"336","The 39 Steps","Apr 25, 2013","$4.99","N/A (N/A)","200,000 .. 500,000","00:00 (00:00)","The Story Mechanics","The Secret Experiment"
"422","Darkfall Unholy Wars","Apr 25, 2013","N/A","N/A (N/A)","0 .. 20,000","00:00 (00:00)","Aventurine SA","Aventurine"
"28","Monaco: What's Yours Is Mine","Apr 24, 2013","$14.99","N/A (N/A/83%)","2,000,000 .. 5,000,000","00:00 (00:00)","Pocketwatch Games","Pocketwatch Games"
"92","Kairo","Apr 24, 2013","$4.99","N/A (N/A/76%)","100,000 .. 200,000","00:00 (00:00)","Locked Door Puzzle","Lupus Studios Limited"
"50","Dyad","Apr 24, 2013","$14.99","N/A (N/A/80%)","20,000 .. 50,000","00:00 (00:00)","][ Games Inc","Shawn McGrath"
"141","Surgeon Simulator","Apr 19, 2013","$9.99","N/A (N/A/71%)","1,000,000 .. 2,000,000","00:18 (00:08)","Bossa Studios","Bossa Studios"
"114","Eador. Masters of the Broken World","Apr 19, 2013","$2.99","N/A (N/A/74%)","500,000 .. 1,000,000","00:00 (00:00)","Snowbird Games","Snowbird Games"
"210","God Mode","Apr 19, 2013","N/A","N/A (N/A/58%)","200,000 .. 500,000","00:00 (00:00)","Old School Games","ATLUS USA"
"248","FINAL FANTASY XI: Ultimate Collection Seekers Edition","Apr 19, 2013","$10.19","N/A (N/A)","20,000 .. 50,000","00:00 (00:00)","Square Enix","Square Enix"
"146","Papo & Yo","Apr 18, 2013","$14.99","N/A (N/A/70%)","200,000 .. 500,000","00:00 (00:00)","Minority Media Inc.","Minority Media"
"476","ORION: Prelude","Apr 16, 2013","$0.99","N/A (N/A)","2,000,000 .. 5,000,000","02:17 (00:45)","Spiral Game Studios","DANKIE"
"199","Sacred Citadel","Apr 16, 2013","$9.99","N/A (N/A/61%)","500,000 .. 1,000,000","00:00 (00:00)","Southend","Deep Silver"
"32","Starseed Pilgrim","Apr 16, 2013","$5.99","N/A (N/A/83%)","200,000 .. 500,000","00:00 (00:00)","Droqen","Droqen's Games"
"52","La-Mulana","Apr 15, 2013","$14.99","N/A (N/A/80%)","200,000 .. 500,000","00:00 (00:00)","NIGORO","PLAYISM"
"103","Anna - Extended Edition","Apr 12, 2013","$9.99","N/A (N/A/75%)","200,000 .. 500,000","00:00 (00:00)","Dreampainters","Kalypso Media Digital"
"475","The Treasure Seekers of Lady Luck","Apr 12, 2013","$2.99","N/A (N/A)","0 .. 20,000","00:00 (00:00)","Choice of Games","Choice of Games"
"93","ShootMania Storm","Apr 10, 2013","$19.99","N/A (N/A/76%)","50,000 .. 100,000","00:00 (00:00)","Nadeo","Ubisoft"
"162","Age of Empires II (2013)","Apr 9, 2013","$19.99","N/A (N/A/68%)","5,000,000 .. 10,000,000","05:31 (07:56)","Skybox Labs, Hidden Path Entertainment, Ensemble Studios, Forgotten Empires","Xbox Game Studios"
"158","Cubemen 2","Apr 8, 2013","$7.99","N/A (N/A/68%)","100,000 .. 200,000","00:00 (00:00)","3 Sprockets","3 Sprockets"
"63","Sang-Froid - Tales of Werewolves","Apr 5, 2013","Free","N/A (N/A/79%)","200,000 .. 500,000","00:00 (00:00)","Artifice Studio","Artifice Studio"
"223","Lords of Football","Apr 5, 2013","$4.99","N/A (N/A/52%)","20,000 .. 50,000","00:00 (00:00)","Geniaware Srl","Fish Eagle"
"271","The Saint: Abyss of Despair","Apr 5, 2013","$3.99","N/A (N/A)","20,000 .. 50,000","00:00 (00:00)","Happy Artist","Alawar Premium"
"200","Evoland","Apr 4, 2013","$9.99","N/A (N/A/61%)","200,000 .. 500,000","00:00 (00:00)","Shiro Games","Shiro Games"
"409","Another World – 20th Anniversary Edition","Apr 4, 2013","$9.99","N/A (N/A)","100,000 .. 200,000","00:00 (00:00)","Eric Chahi, DotEmu","The Digital Lounge"
"542","Ms. Splosion Man","Apr 3, 2013","$9.99","N/A (N/A)","50,000 .. 100,000","00:00 (00:00)","Twisted Pixel Games","Xbox Game Studios"
"136","Cities in Motion 2","Apr 2, 2013","$19.99","N/A (N/A/72%)","500,000 .. 1,000,000","00:00 (00:00)","Colossal Order Ltd.","Paradox Interactive"
"408","Kingdom Wars","Apr 1, 2013","Free","N/A (N/A)","500,000 .. 1,000,000","00:00 (00:00)","Reverie World Studios",""
"480","DisplayFusion","Mar 29, 2013","$34.99","N/A (N/A)","100,000 .. 200,000","00:00 (00:00)","Binary Fortress Software","Binary Fortress Software"
"416","rFactor 2","Mar 28, 2013","$31.99","N/A (N/A)","200,000 .. 500,000","00:00 (00:00)","Studio 397","Studio 397"
"357","Bridge Project","Mar 28, 2013","$19.99","N/A (N/A)","100,000 .. 200,000","00:00 (00:00)","Halycon Media GmbH & Co. KG","THQ Nordic"
"127","Dungeon Hearts","Mar 28, 2013","$2.99","N/A (N/A/73%)","50,000 .. 100,000","00:00 (00:00)","Cube Roots","Devolver Digital"
"151","Warframe","Mar 25, 2013","Free","N/A (N/A/69%)","20,000,000 .. 50,000,000","22:58 (09:19)","Digital Extremes","Digital Extremes"
"1","BioShock Infinite","Mar 25, 2013","$29.99","N/A (N/A/94%)","2,000,000 .. 5,000,000","05:00 (04:35)","Irrational Games, Virtual Programming (Linux)","2K"
"152","Resident Evil 6 / Biohazard 6","Mar 22, 2013","$29.99","N/A (N/A/69%)","1,000,000 .. 2,000,000","01:52 (00:37)","Capcom","Capcom"
"108","Anodyne","Mar 22, 2013","$9.99","N/A (N/A/75%)","100,000 .. 200,000","00:00 (00:00)","Sean Han Tani, Marina Kittaka","Analgesic Productions"
"472","Sacra Terra: Kiss of Death Collector’s Edition","Mar 22, 2013","$9.99","N/A (N/A)","20,000 .. 50,000","00:00 (00:00)","Five BN","Alawar Premium"
"492","Cut the Rope","Mar 22, 2013","$4.99","N/A (N/A)","0 .. 20,000","00:00 (00:00)","Zeptolab UK Limited","Zeptolab UK Limited"
"22","Trials Evolution: Gold Edition","Mar 21, 2013","$19.99","N/A (N/A/85%)","200,000 .. 500,000","00:00 (00:00)","Redlynx Ltd, Ubisoft Shanghaï","Ubisoft"
"217","POSTAL","Mar 21, 2013","$1.99","N/A (N/A/56%)","200,000 .. 500,000","00:00 (00:00)","Running With Scissors","Running With Scissors"
"438","Shadows: Price For Our Sins Bonus Edition","Mar 21, 2013","$9.99","N/A (N/A)","50,000 .. 100,000","00:00 (00:00)","8th Floor Games","Encore, Viva Media"
"490","Alien Spidy","Mar 20, 2013","$9.99","N/A (N/A)","20,000 .. 50,000","00:00 (00:00)","Enigma SP","Kalypso Media Digital"
"535","Worms Armageddon","Mar 19, 2013","$14.99","N/A (N/A)","500,000 .. 1,000,000","00:00 (00:00)","Team17 Digital Ltd","Team17 Digital Ltd"
"67","Weird Worlds: Return to Infinite Space","Mar 19, 2013","$4.99","N/A (N/A/79%)","200,000 .. 500,000","00:00 (00:00)","Digital Eel","Digital Eel"
"316","Organ Trail: Director's Cut","Mar 19, 2013","$4.99","N/A (N/A)","200,000 .. 500,000","00:00 (00:00)","The Men Who Wear Many Hats","The Men Who Wear Many Hats"
"301","DLC Quest","Mar 18, 2013","$2.99","N/A (N/A)","200,000 .. 500,000","00:00 (00:00)","Going Loud Studios","Going Loud Studios"
"538","Monster Loves You!","Mar 18, 2013","$9.99","N/A (N/A)","200,000 .. 500,000","00:00 (00:00)","Radial Games Corp, Dejobaan Games, LLC","Radial Games Corp"
"111","Incredipede","Mar 18, 2013","$9.99","N/A (N/A/74%)","100,000 .. 200,000","00:00 (00:00)","Colin Northway with art by Thomas Shahan","Northway Games"
"320","Ultratron","Mar 18, 2013","$9.99","N/A (N/A)","100,000 .. 200,000","00:00 (00:00)","Puppygames","Puppygames"
"206","Shattered Haven","Mar 18, 2013","$9.99","N/A (N/A/59%)","50,000 .. 100,000","00:00 (00:00)","Arcen Games, LLC","Arcen Games, LLC"
"511","Happy Pong","Mar 16, 2013","$2.99","N/A (N/A)","0 .. 20,000","00:00 (00:00)","Poppgames","Poppgames"
"244","Go Home Dinosaurs!","Mar 14, 2013","$9.99","N/A (N/A)","20,000 .. 50,000","00:00 (00:00)","Fire Hose Games","Fire hose Games"
"290","Slam Bolt Scrappers","Mar 14, 2013","$9.99","N/A (N/A)","20,000 .. 50,000","00:00 (00:00)","Fire Hose Games","Fire Hose Games"
"523","Dungeon-Party","Mar 13, 2013","Free","N/A (N/A)","200,000 .. 500,000","00:00 (00:00)","Cyanide Studio","Bigben Interactive"
"224","Sniper: Ghost Warrior 2","Mar 11, 2013","$9.99","N/A (N/A/52%)","1,000,000 .. 2,000,000","00:00 (00:00)","City Interactive","CI Games"
"262","Helmet Heroes","Mar 10, 2013","Free","N/A (N/A)","200,000 .. 500,000","00:00 (00:00)","Helmet Games","Helmet Games"
"351","Euro Truck Simulator","Mar 8, 2013","$4.99","N/A (N/A)","500,000 .. 1,000,000","00:00 (00:00)","SCS Software","SCS Software"
"327","Tomb Raider - The Final Hours Digital Book","Mar 7, 2013","$1.99","N/A (N/A)","20,000 .. 50,000","00:00 (00:00)","Geoff Keighley","Geoff Keighley"
"366","Virtual DJ - Broadcaster Edition","Mar 7, 2013","N/A","N/A (N/A)","0 .. 20,000","00:00 (00:00)","Atomix Productions","Focus Home Interactive"
"15","Tomb Raider","Mar 4, 2013","$2.99","N/A (N/A/86%)","5,000,000 .. 10,000,000","02:48 (04:32)","Crystal Dynamics, Eidos-Montréal, Feral Interactive (Mac), Feral Interactive (Linux)","Square Enix, Feral Interactive (Mac), Feral Interactive (Linux)"
"314","The Wizard's Lair","Mar 1, 2013","$2.99","N/A (N/A)","20,000 .. 50,000","00:00 (00:00)","Magicbane","Magicbane"
"196","Sniper Elite: Nazi Zombie Army","Feb 28, 2013","$14.99","N/A (N/A/62%)","200,000 .. 500,000","00:00 (00:00)","Rebellion","Rebellion"
"181","Armada 2526 Gold Edition","Feb 28, 2013","$2.99","N/A (N/A/66%)","50,000 .. 100,000","00:00 (00:00)","Ntronium Games","Iceberg Interactive"
"106","Star Conflict","Feb 27, 2013","Free","N/A (N/A/75%)","2,000,000 .. 5,000,000","00:00 (00:00)","Star Gem Inc.","Gaijin Entertainment"
"376","Champions of Regnum","Feb 27, 2013","Free","N/A (N/A)","200,000 .. 500,000","00:00 (00:00)","Nimble Giant Entertainment","Nimble Giant Entertainment"
"42","TrackMania² Canyon","Feb 27, 2013","$19.99","N/A (N/A/81%)","100,000 .. 200,000","00:00 (00:00)","Nadeo","Ubisoft"
"56","Brutal Legend","Feb 26, 2013","$14.99","N/A (N/A/80%)","2,000,000 .. 5,000,000","00:00 (00:00)","Double Fine Productions","Double Fine Productions"
"23","BIT.TRIP Presents... Runner2: Future Legend of Rhythm Alien","Feb 26, 2013","$14.99","N/A (N/A/85%)","500,000 .. 1,000,000","00:00 (00:00)","Gaijin Games","Gaijin Games"
"400","MUD Motocross World Championship","Feb 26, 2013","$9.99","N/A (N/A)","20,000 .. 50,000","00:00 (00:00)","Milestone S.r.l.","BANDAI NAMCO Entertainment"
"172","The Banner Saga: Factions","Feb 25, 2013","Free","N/A (N/A/67%)","200,000 .. 500,000","00:00 (00:00)","Stoic","Versus Evil"
"110","The Bridge","Feb 22, 2013","$9.99","N/A (N/A/74%)","500,000 .. 1,000,000","00:00 (00:00)","Ty Taylor and Mario Castañeda, The Quantum Astrophysicists Guild","The Quantum Astrophysicists Guild"
"410","Age of Conan: Unchained","Feb 22, 2013","Free","N/A (N/A)","500,000 .. 1,000,000","00:00 (00:00)","Funcom","Funcom"
"45","Kentucky Route Zero","Feb 22, 2013","$24.99","N/A (N/A/81%)","200,000 .. 500,000","00:00 (00:00)","Cardboard Computer","Cardboard Computer"
"289","Highborn","Feb 19, 2013","$1.99","N/A (N/A)","0 .. 20,000","00:00 (00:00)","Jet Set Games","Jet Set Games"
"68","Super House of Dead Ninjas","Feb 18, 2013","$6.99","N/A (N/A/79%)","100,000 .. 200,000","00:00 (00:00)","Megadev","Adult Swim Games"
"165","A Valley Without Wind 2","Feb 18, 2013","$14.99","N/A (N/A/68%)","100,000 .. 200,000","00:00 (00:00)","Arcen Games, LLC","Arcen Games, LLC"
"145","March of the Eagles","Feb 18, 2013","$19.99","N/A (N/A/71%)","50,000 .. 100,000","00:00 (00:00)","Paradox Development Studio","Paradox Interactive"
"466","Ys I & II Chronicles+","Feb 14, 2013","$14.99","N/A (N/A)","200,000 .. 500,000","00:00 (00:00)","Nihon Falcom","XSEED Games"
"230","Impire","Feb 14, 2013","$19.99","N/A (N/A/45%)","100,000 .. 200,000","00:00 (00:00)","Cyanide Montreal","Paradox Interactive"
"371","RaceRoom Racing Experience","Feb 12, 2013","N/A","N/A (N/A)","2,000,000 .. 5,000,000","01:30 (01:40)","Sector3 Studios","Sector3 Studios, RaceRoom Entertainment AG"
"512","An Occurrence at Owl Creek Bridge","Feb 12, 2013","Free","N/A (N/A)","0 .. 20,000","00:00 (00:00)","James Earl Cox III","James Earl Cox III"
"318","Cities XL Platinum","Feb 6, 2013","$9.99","N/A (N/A)","200,000 .. 500,000","00:00 (00:00)","Focus Home Interactive","Focus Home Interactive"
"195","Bientôt l'été","Feb 6, 2013","$9.99","N/A (N/A/62%)","20,000 .. 50,000","00:00 (00:00)","Tale of Tales","Tale of Tales"
"283","Quintet","Feb 1, 2013","Free","N/A (N/A)","100,000 .. 200,000","00:00 (00:00)","Carmine T. Guida","Carmine T. Guida"
"443","DIVO","Feb 1, 2013","$4.99","N/A (N/A)","0 .. 20,000","00:00 (00:00)","Internal Games","Internal Games"
"39","Antichamber","Jan 31, 2013","$19.99","N/A (N/A/82%)","500,000 .. 1,000,000","00:28 (00:09)","Alexander Bruce","Demruth"
"354","Omerta - City of Gangsters","Jan 31, 2013","$14.99","N/A (N/A)","200,000 .. 500,000","00:00 (00:00)","Haemimont Games","Kalypso Media Digital"
"149","Retrovirus","Jan 31, 2013","$9.99","N/A (N/A/70%)","20,000 .. 50,000","00:00 (00:00)","Cadenza Interactive","Cadenza Interactive"
"53","Proteus","Jan 30, 2013","$9.99","N/A (N/A/80%)","200,000 .. 500,000","00:00 (00:00)","Ed Key and David Kanaga","Twisted Tree"
"428","Meridian: Age of Invention","Jan 28, 2013","$2.99","N/A (N/A)","20,000 .. 50,000","00:00 (00:00)","Mirball Games","Alawar Premium"
"80","Ace Combat Assault Horizon - Enhanced Edition","Jan 25, 2013","N/A","N/A (N/A/77%)","200,000 .. 500,000","00:00 (00:00)","NAMCO","BANDAI NAMCO Entertainment"
"270","Pester","Jan 25, 2013","$0.99","N/A (N/A)","100,000 .. 200,000","00:00 (00:00)","Flump Studios","KISS ltd"
"21","DmC: Devil May Cry","Jan 24, 2013","$29.99","N/A (N/A/85%)","1,000,000 .. 2,000,000","00:00 (00:00)","Ninja Theory","Capcom"
"173","Strike Suit Zero","Jan 23, 2013","$19.99","N/A (N/A/66%)","500,000 .. 1,000,000","00:00 (00:00)","Born Ready Games Ltd.","Born Ready Games"
"164","The Cave","Jan 23, 2013","$14.99","N/A (N/A/68%)","200,000 .. 500,000","00:00 (00:00)","Double Fine Productions","Double Fine Productions"
"370","Pulse Shift","Jan 23, 2013","$8.99","N/A (N/A)","0 .. 20,000","00:00 (00:00)","3 Core Studio","3 Core Studio"
"74","Baldur's Gate: Enhanced Edition","Jan 16, 2013","$19.99","N/A (N/A/78%)","500,000 .. 1,000,000","00:00 (00:00)","Beamdog","Beamdog"
"166","10,000,000","Jan 15, 2013","$4.99","N/A (N/A/67%)","100,000 .. 200,000","00:00 (00:00)","EightyEightGames","EightyEightGames"
"423","Time Mysteries 3: The Final Enigma","Jan 13, 2013","$9.99","N/A (N/A)","50,000 .. 100,000","00:00 (00:00)","Artifex Mundi","Artifex Mundi"
"124","Fieldrunners 2","Jan 10, 2013","$9.99","N/A (N/A/73%)","50,000 .. 100,000","00:00 (00:00)","Subatomic Studios LLC","Subatomic Studios LLC"
"130","The Journey Down: Chapter One","Jan 9, 2013","$8.99","N/A (N/A/72%)","200,000 .. 500,000","00:00 (00:00)","SkyGoblin","SkyGoblin"
"436","Droid Assault","Jan 9, 2013","$9.99","N/A (N/A)","50,000 .. 100,000","00:00 (00:00)","Puppygames","Puppygames"
"361","Primal Fears","Jan 8, 2013","$9.99","N/A (N/A)","50,000 .. 100,000","00:00 (00:00)","DnS Development","DnS Development"
"402","Project Syria","Jan 8, 2013","Free","N/A (N/A)","20,000 .. 50,000","00:00 (00:00)","Emblematic Group","Emblematic Group"
"294","Angelica Weaver: Catch Me When You Can","Jan 7, 2013","$13.99","N/A (N/A)","20,000 .. 50,000","00:00 (00:00)","MumboJumbo","MumboJumbo"